-- phpMyAdmin SQL Dump
-- version 5.1.1
-- https://www.phpmyadmin.net/
--
-- Хост: localhost
-- Время создания: Янв 28 2022 г., 19:51
-- Версия сервера: 5.7.35-38
-- Версия PHP: 7.3.31

SET SQL_MODE = "NO_AUTO_VALUE_ON_ZERO";
START TRANSACTION;
SET time_zone = "+00:00";


/*!40101 SET @OLD_CHARACTER_SET_CLIENT=@@CHARACTER_SET_CLIENT */;
/*!40101 SET @OLD_CHARACTER_SET_RESULTS=@@CHARACTER_SET_RESULTS */;
/*!40101 SET @OLD_COLLATION_CONNECTION=@@COLLATION_CONNECTION */;
/*!40101 SET NAMES utf8mb4 */;

--
-- База данных: `letsquiz_db`
--

-- --------------------------------------------------------

--
-- Структура таблицы `address`
--

CREATE TABLE `address` (
  `id` int(11) NOT NULL,
  `description` varchar(250) NOT NULL,
  `city_id` int(11) NOT NULL
) ENGINE=MyISAM DEFAULT CHARSET=utf8;

--
-- Дамп данных таблицы `address`
--

INSERT INTO `address` (`id`, `description`, `city_id`) VALUES
(1, 'Клуб-ресторан-караоке \"Shizgara\" (Проспект победы, 71)', 1),
(2, 'Гриль-бар \"МЯСО И УГЛИ\" (ул. Гагарина, 68)', 2),
(4, 'KVARTAL Lounge (ул. Куликовская, 5)', 4),
(5, '\"playVR\" (ул. Лунная, 31)', 5),
(6, 'Ресторан \"УСТРИЦЫ & ТАНЦЫ\" (ТРЦ Премьер, этаж 2)', 6);

-- --------------------------------------------------------

--
-- Структура таблицы `city`
--

CREATE TABLE `city` (
  `id` int(11) NOT NULL,
  `name` varchar(50) NOT NULL,
  `order` int(11) DEFAULT NULL
) ENGINE=MyISAM DEFAULT CHARSET=utf8;

--
-- Дамп данных таблицы `city`
--

INSERT INTO `city` (`id`, `name`, `order`) VALUES
(1, 'Ступино', 4),
(2, 'Коломна', 5),
(4, 'Москва', 7),
(5, 'Домодедово', 8),
(6, 'Рязань', 9),
(7, 'Онлайн', 1);

-- --------------------------------------------------------

--
-- Структура таблицы `color`
--

CREATE TABLE `color` (
  `id` int(11) NOT NULL,
  `name` varchar(50) NOT NULL,
  `prefix` varchar(50) NOT NULL
) ENGINE=MyISAM DEFAULT CHARSET=utf8;

--
-- Дамп данных таблицы `color`
--

INSERT INTO `color` (`id`, `name`, `prefix`) VALUES
(1, 'Зеленый', 'green'),
(2, 'Синий', 'blue'),
(3, 'Красный', 'red'),
(4, 'Желный', 'yellow');

-- --------------------------------------------------------

--
-- Структура таблицы `feedback`
--

CREATE TABLE `feedback` (
  `id` int(11) NOT NULL,
  `order` int(11) DEFAULT NULL,
  `text` text NOT NULL,
  `author` varchar(100) NOT NULL
) ENGINE=MyISAM DEFAULT CHARSET=utf8;

--
-- Дамп данных таблицы `feedback`
--

INSERT INTO `feedback` (`id`, `order`, `text`, `author`) VALUES
(1, 1, 'Заразилась. Нереально круто! Отлично провели время. Подумали, посмеялись, пообщались. В новом сезоне будем новой командой \"экоЛогика\" зажигать!', 'katrina_shubina'),
(2, 2, 'Да, душевно и интерактивно, элемент свадебного интерактива поразил!!! Узнать трек, и тд + гифки на экране... В общем, не хочу повторяться, но это очень круто! Спасибо огромное!', 'Алёна'),
(3, 3, 'Мы молодцы! Все молодцы! Было круто круто! Почему я раньше не знала о вас, ребята?', 'varvalola'),
(5, 5, 'Закончился второй сезон барных викторин Let\'s КВИЗ! Это была чреда крутых выходных с чумовыми вопросами, шумом, классными ребятами и Shizgara! Те, кто участвовал, знают, о чем речь =) Остальные, скорее присоединяйтесь, регистрируйтесь на игры нового сезона! Для этого нужно найти компанию 2-9 человек и оставить заявку. Спасибо, Let\'s КВИЗ за офигенный сезон! Ждем продолжения (с нетерпением)', 'mosigrastupino'),
(6, 6, 'Роман, Алина, спасибо большое вам и всем кто за кадром :) супер, что вы организовали игру, которая приносит столько эмоций, новых друзей и кругозор расширяет :)', 'Алёна'),
(7, NULL, 'С летс Квиз мы почти с самого начала ', 'Екатерина'),
(8, NULL, 'Очень, очень, очень нравится с Вами проводить воскресный вечер! Весело, познавательно, к тому же есть возможность выиграть призы. Да что призы, наша цель всегда одна - ТОРТ! Спасибо Вам! Никогда не бывает скучно. Даже наоборот. Квиз - это реальная возможность после рабочей недели встретиться всем за игральным столом, посмеяться, поспорить, пофотографироваться, выиграть крутейшие призы и просто хорошо провести время.', 'Валерия Карева'),
(9, NULL, 'Ребята, огромное вам спасибо, играем всей семьей , втянули всех друзей, хотя сами влились не так давно, дали начало еще двум командам и сейчас еще одна формируется. Я приглашаю всех своих знакомых из разных сфер и они цепляются, нам уже тесно в одной команде, теперь мы играем против своих, но это же очень интересно. КВИЗ сумел объединить не только команды, но и семьи, и людей очень разных возрастов. Мы ждем воскресный вечер с Алиной. Алина и Роман спасибо!', 'Любовь Самойлова'),
(10, NULL, 'В #летсквиз мне нравится все! Шутки и стиль общения Алины во время игры, серьезность и перфекционизм Романа, наша команда, эмоции, которые мы переживаем в игре и после), около 400 единомышленников, которые каждое воскресенье выбирают интеллектуальный отдых! Все нравится мне, идеальный проект и прекрасные люди❤', 'Светлана Кудинова'),
(11, NULL, 'Я каждый раз отправляясь на очередную игру квиз думаю что же в ней такого? А ответ прост - квиз дает нам возможность отдохнуть, встряхнуть извилины, поскрипеть мозгами...Море эмоций, охрипший голос и заряд энергии на целую неделю. А также прекрасная ведущая и крутая команда за кадром. Алина - ты наверное главная составляющая квиза. Нам есть с чем сравнить. Вот все есть - и подача, и интрига, и стиль. Рома - ты супер! И никаких ребусов с \"тли\"... Ступинский квиз - это круто!', 'Марина Сухарева'),
(12, NULL, 'Моя квизомания началась почти два года назад и до сих пор каждую игру я жду с трепетом и предвкушением эмоциональных американских горок! Чувствуешь себя словно в параллельной вселенной - сейчас тебе пощекотят нервишки, да ещё и заснимут это для истории.\nРебята, спасибо вам за те эмоции, которые вы нам всем дарите. Спасибо за ваш профессиональный подход к каждой игре - ведь все продуманно до мелочей, на самом высоком уровне. Вы лучшие!', 'Катерина Раевская'),
(13, NULL, 'Благодаря вам я стал запоминать всякую информацию, которая мне попадается, точнее и детальнее. Потому что - а вдруг спросят на Квизе)). И все «запылённые полки» памяти, которые казались никому ненужными, вдруг оказываются актуальными и приносят заветный бал в копилку команды.\nСпасибо, что даёте такую возможность задействовать свою память и мозг. И потом радоваться результатам.\nМоё мнение - команда Летс Квиз делает для города больше, администрация и весь чиновничий аппарат(в плане развлечений конечно. По укладке бордюра администрация пока лидирует)\nА для детей вы делаете больше чем министерство министерство образования и просвещения. Потому что раньше они читали книжки просто так или вовсе не читали. А теперь читают, а всё почему? Потому что вдруг на Квизе спросят ', 'Аршак Амирзян'),
(14, NULL, 'Любим вас! За профессионализм. За личные качества. Любим друзей-спонсоров. Всё-всё, начиная с музыки, заканчивая просто обалденно четкой структурой игры - сделано с трепетом и любовью к своему делу. Мы это видим и ценим', 'Анна Реппель'),
(15, NULL, 'Спасибо большое вам за то,что вы делаете! Теперь воскресенье стало тем днём,который действительно ждёшь) Важен азарт,атмосфера игры,которую создаёте именно вы. Вы вкладываете часть себя,отдаётесь любимому делу на все 100%,сами кайфуете от этого действа. Все игроки это чувствуют,из-за этого хочется возвращаться к вам снова,снова и снова! И когда идёт регистрация,волнение,будто сдаёшь важный экзамен) И что самое важное,даже если проиграл,не взял какое-то место, в душе нет негативных эмоций,выходишь с игры в потрясающем настроении и с настроем на будущие победы! С вами мы выросли даже до призовых мест)☺☺\nРебятушки,вы,как Дисней,делаете людей счастливыми!\nМы вас очень любим! Спасибо вам! Желаю вам ещё большего масштаба,новых каверзных вопросов и успехов!\nС любовью,капитан команды «Пора по барам»❤❤❤', ' Ксю Андревна ');

-- --------------------------------------------------------

--
-- Структура таблицы `game`
--

CREATE TABLE `game` (
  `id` int(11) NOT NULL,
  `date` datetime NOT NULL,
  `name` varchar(50) NOT NULL,
  `city_id` int(11) NOT NULL,
  `is_closed` tinyint(1) NOT NULL,
  `color_id` int(11) DEFAULT NULL,
  `price` varchar(50) NOT NULL
) ENGINE=MyISAM DEFAULT CHARSET=utf8;

--
-- Дамп данных таблицы `game`
--

INSERT INTO `game` (`id`, `date`, `name`, `city_id`, `is_closed`, `color_id`, `price`) VALUES
(47, '2018-04-26 19:30:00', '27', 3, 0, NULL, '300'),
(58, '2018-05-10 19:30:00', '28', 3, 0, NULL, '300'),
(387, '2020-04-04 16:00:00', 'Летс Квиз Онлайн №1', 2, 0, 2, '300'),
(388, '2020-04-04 16:00:00', 'Летс Квиз Онлайн №1', 7, 0, 2, '500/1000'),
(389, '2020-04-18 16:00:00', 'Летс Квиз Онлайн №2', 7, 0, 2, '500/1000'),
(393, '2020-04-19 16:00:00', 'Junior Летс Квиз Онлайн №1', 7, 0, 1, '500/1000'),
(394, '2020-04-26 16:00:00', 'Онлайн №3/Кино и музыка', 7, 0, 2, '500/1000'),
(395, '2020-05-01 18:00:00', 'Saint Twins Detective Online №1', 7, 1, 2, ' 1 команда = 1000 руб'),
(396, '2020-05-10 16:00:00', 'Летс Квиз Онлайн №4', 7, 0, 2, 'команда - 500/1000 '),
(397, '2020-05-24 18:00:00', 'Летс Квиз Онлайн №5', 7, 0, 2, '500/1000 - команда'),
(398, '2020-05-30 18:00:00', 'Saint Twins Detective Online №2', 7, 0, 2, '1 команда = 1000 руб'),
(399, '2020-06-07 18:00:00', 'Летс Квиз Онлайн №6', 7, 0, 2, '500/1000 - команда'),
(400, '2020-06-10 19:30:00', 'Saint Twins/Шифр магната (Повтор)', 7, 0, 3, '1 команда = 1000 '),
(401, '2020-06-14 18:00:00', 'ЛЕТС КВИЗ Онлайн 18+', 7, 0, 2, '500/1000 - команда'),
(402, '2020-06-21 18:00:00', 'Летс Квиз Онлайн №8', 7, 0, 2, 'Команда до 2 игроков- 500руб/ Более 2х - 1000руб'),
(403, '2020-07-04 20:30:00', 'Ночной дозор №15 \"Коронавирус\"', 1, 0, 3, 'команда - 2000/2500руб '),
(404, '2020-07-09 19:30:00', 'Saint Twins Online/На части', 7, 0, 1, '1 команда = 1000 руб'),
(405, '2020-07-19 18:00:00', 'Saint Twins Online/На части(Повтор)', 7, 0, 1, '1 команда = 1000 руб'),
(406, '2020-07-12 18:00:00', 'Летс Квиз Онлайн №9', 7, 0, 2, 'Команда до 2 игроков- 500руб/ Более 2х - 1000руб'),
(407, '2020-07-18 20:30:00', 'Ночной дозор №16 \"Как тебе такое Илон Маск?\"', 1, 0, 3, 'команда - 2000руб '),
(408, '2020-07-30 19:30:00', 'ONLINE ЛЕТС КВИЗ №95.4', 7, 0, 4, '500 - до 2чел/1000 - больше 2 чел'),
(409, '2020-07-28 19:30:00', 'ЛЕТС КВИЗ №95.3', 2, 0, 3, '300 руб/чел'),
(410, '2020-07-26 19:30:00', 'ЛЕТС КВИЗ №95.2', 1, 0, 2, '300 руб/чел'),
(411, '2020-07-26 16:15:00', 'ЛЕТС КВИЗ №95.1', 1, 0, 2, '300 руб/чел'),
(412, '2020-07-26 13:00:00', 'ЛЕТС КВИЗ №95.0', 1, 0, 2, '300 руб/чел'),
(413, '2020-08-01 20:30:00', 'Ночной дозор №17 \"Форт Боярд\"', 1, 0, 1, 'команда - 2000руб '),
(414, '2020-08-02 15:00:00', 'Saint Twins Detective №14.1 \"Ничего личного\"', 1, 0, 3, '300 руб/чел'),
(415, '2020-08-02 18:30:00', 'Saint Twins Detective №14.2 \"Ничего личного\" ', 1, 0, 3, '300 руб/чел'),
(416, '2020-08-02 12:30:00', 'Junior Летс Квиз  №1', 1, 0, 2, '300 руб/чел'),
(417, '2020-08-11 19:30:00', 'ЛЕТС КВИЗ 96', 2, 0, 2, '300 руб/чел'),
(418, '2020-08-09 13:00:00', 'ЛЕТС КВИЗ 96.1', 1, 0, 4, '300 руб/чел'),
(419, '2020-08-09 16:15:00', 'ЛЕТС КВИЗ 96.2', 1, 0, 4, '300 руб/чел'),
(420, '2020-08-09 19:30:00', 'ЛЕТС КВИЗ 96.3', 1, 0, 4, '300 руб/чел'),
(421, '2020-08-15 20:30:00', 'Ночной дозор №18: \"Кубок по пиливу\"', 1, 0, 2, '300 руб/чел'),
(422, '2020-08-16 12:30:00', 'Junior Летс Квиз №2', 1, 0, 1, '300 руб/чел'),
(423, '2020-08-16 15:00:00', 'Saint Twins Detective №15. \"Джентльменское соглаше', 1, 0, 3, '300 руб/чел'),
(424, '2020-08-25 19:30:00', 'ЛЕТС КВИЗ 97', 2, 0, 2, '300 руб/чел'),
(425, '2020-08-23 13:00:00', 'ЛЕТС КВИЗ 97.1', 1, 0, 4, '300 руб/чел'),
(426, '2020-08-23 16:15:00', 'ЛЕТС КВИЗ 97.2', 1, 0, 4, '300 руб/чел'),
(427, '2020-08-23 19:30:00', 'ЛЕТС КВИЗ 97.3', 1, 0, 4, '300 руб/чел'),
(428, '2020-08-30 15:00:00', 'Saint Twins Detective №16. Языки пламени', 1, 0, 3, '300 руб/чел'),
(429, '2020-08-20 20:30:00', 'Ночной дозор №19: \"Дозорный спецназ\"', 1, 0, 2, '1 команда = 2000 руб'),
(430, '2020-09-06 19:30:00', 'ЛЕТС КВИЗ 98.3', 1, 0, 4, '300 руб/чел'),
(431, '2020-09-06 16:15:00', 'ЛЕТС КВИЗ 98.2', 1, 0, 4, '300 руб/чел'),
(432, '2020-09-06 13:00:00', 'ЛЕТС КВИЗ 98.1', 1, 0, 4, '300 руб/чел'),
(433, '2020-09-08 19:30:00', 'ЛЕТС КВИЗ 98', 2, 0, 2, '300 руб/чел'),
(434, '2020-09-13 12:30:00', 'Junior Летс Квиз №3', 1, 0, 1, '300 руб/чел'),
(435, '2020-09-15 19:30:00', 'Квиз 99/Кино и музыка', 2, 0, 2, '300 руб/чел'),
(436, '2020-09-12 18:00:00', 'Квиз 99.1/Кино и музыка+party', 1, 0, 4, '300 руб/чел'),
(437, '2020-09-13 15:00:00', 'Квиз 99.2/Кино и музыка', 1, 0, 4, '300 руб/чел'),
(438, '2020-09-13 18:30:00', 'Квиз 99.3/Кино и музыка', 1, 0, 4, '300 руб/чел'),
(439, '2020-10-06 19:30:00', 'ЛЕТС КВИЗ 100', 2, 0, 2, '300 руб/чел'),
(440, '2020-08-06 19:30:00', 'ЛЕТС КВИЗ 100', 2, 0, 2, '300 руб/чел'),
(441, '2020-10-04 13:00:00', 'ЛЕТС КВИЗ 100.1', 1, 0, 4, '300 руб/чел'),
(442, '2020-10-04 16:15:00', 'ЛЕТС КВИЗ 100.2', 1, 0, 4, '300 руб/чел'),
(443, '2020-10-04 19:30:00', 'ЛЕТС КВИЗ 100.3', 1, 0, 4, '300 руб/чел'),
(444, '2020-09-26 20:30:00', 'Ночной дозор №19: \"Дозорный спецназ\"', 1, 0, 3, '1 команда - 2000р'),
(445, '2020-10-10 16:00:00', 'ЛЕТС КВИЗ FREE/ Для новых игроков', 1, 0, 1, 'бесплатно'),
(446, '2020-10-11 17:00:00', 'Saint Twins Detective №17. Рабочая версия', 1, 0, 3, '400 руб/чел'),
(447, '2020-10-11 14:00:00', 'ЛЕТС КВИЗ JUNIOR', 1, 0, 2, '300 руб/чел'),
(448, '2020-10-20 19:30:00', 'ЛЕТС КВИЗ 101', 2, 0, 2, '300 руб/чел'),
(449, '2020-10-17 16:30:00', 'ЛЕТС КВИЗ 101.1', 1, 0, 4, '300 руб/чел'),
(450, '2020-10-18 13:00:00', 'ЛЕТС КВИЗ 101.2', 1, 0, 4, '300 руб/чел'),
(451, '2020-10-18 16:15:00', 'ЛЕТС КВИЗ 101.3', 1, 0, 4, '300 руб/чел'),
(452, '2020-10-18 19:30:00', 'ЛЕТС КВИЗ 101.4', 1, 0, 4, '300 руб/чел'),
(453, '2020-10-25 17:00:00', 'Saint Twins Detective №18. Двойное дно', 1, 0, 3, '400 руб/чел'),
(454, '2020-10-25 14:00:00', 'ЛЕТС КВИЗ JUNIOR', 1, 0, 1, '300 руб/чел'),
(455, '2020-11-03 19:30:00', 'ЛЕТС КВИЗ #102', 2, 0, 2, '300 руб/чел'),
(456, '2020-10-31 17:00:00', 'ЛЕТС КВИЗ #102/1', 1, 0, 4, '300 руб/чел'),
(457, '2020-11-01 13:00:00', 'ЛЕТС КВИЗ #102/2', 1, 0, 4, '300 руб/чел'),
(458, '2020-11-01 16:15:00', 'ЛЕТС КВИЗ #102/3', 1, 0, 4, '300 руб/чел'),
(459, '2020-11-01 19:30:00', 'ЛЕТС КВИЗ #102/4', 1, 0, 4, '300 руб/чел'),
(460, '2020-11-08 12:00:00', 'ЛЕТС КВИЗ JUNIOR', 1, 0, 1, '300 руб/чел'),
(461, '2020-11-08 18:30:00', 'Saint Twins Detective №19.2. Страна возможностей', 1, 0, 3, '400 руб/чел'),
(462, '2020-11-08 15:00:00', 'Saint Twins Detective №19.1. Страна возможностей', 1, 0, 3, '400 руб/чел'),
(463, '2020-11-17 19:30:00', 'ЛЕТС КВИЗ #103', 2, 0, 2, '300 руб/чел'),
(464, '2020-11-14 16:00:00', 'ЛЕТС КВИЗ #103/1', 1, 0, 4, '300 руб/чел'),
(465, '2020-11-15 13:00:00', 'ЛЕТС КВИЗ #103/2', 1, 0, 4, '300 руб/чел'),
(466, '2020-11-15 16:15:00', 'ЛЕТС КВИЗ #103/3', 1, 0, 4, '300 руб/чел'),
(467, '2020-11-15 19:30:00', 'ЛЕТС КВИЗ #103/4', 1, 0, 4, '300 руб/чел'),
(468, '2020-11-22 15:00:00', 'Saint Twins Detective №20.1. Разрыв связи', 1, 0, 3, '400 руб/чел'),
(469, '2020-11-22 18:30:00', 'Saint Twins Detective №20.2. Разрыв связи', 1, 0, 3, '400 руб/чел'),
(470, '2020-11-22 12:00:00', 'ЛЕТС КВИЗ JUNIOR', 1, 0, 1, '300 руб/чел'),
(471, '2020-12-01 19:30:00', 'ЛЕТС КВИЗ #104', 2, 0, 2, '300 руб/чел'),
(472, '2020-11-28 16:00:00', 'ЛЕТС КВИЗ #104/1', 1, 0, 4, '300 руб/чел'),
(473, '2020-11-29 13:00:00', 'ЛЕТС КВИЗ #104/2', 1, 0, 4, '300 руб/чел'),
(474, '2020-11-29 16:15:00', 'ЛЕТС КВИЗ #104/3', 1, 0, 4, '300 руб/чел'),
(475, '2020-11-29 19:30:00', 'ЛЕТС КВИЗ #104/4', 1, 0, 4, '300 руб/чел'),
(476, '2020-12-06 15:00:00', 'ЛЕТС КВИЗ', 5, 0, 2, '450 руб/чел'),
(477, '2020-12-06 15:00:00', 'Saint Twins Detective №21.1. Перевод стрелок', 1, 0, 3, '400 руб/чел'),
(478, '2020-12-06 18:30:00', 'Saint Twins Detective №21.1. Перевод стрелок', 1, 0, 3, '400 руб/чел'),
(479, '2020-12-06 12:00:00', 'ЛЕТС КВИЗ JUNIOR', 1, 0, 1, '300 руб/чел'),
(480, '2020-12-15 19:30:00', 'ЛЕТС КВИЗ #105', 2, 0, 2, '300 руб/чел'),
(481, '2020-12-13 19:30:00', 'ЛЕТС КВИЗ #105/4', 1, 0, 4, '300 руб/чел'),
(482, '2020-12-13 16:15:00', 'ЛЕТС КВИЗ #105/3', 1, 0, 4, '300 руб/чел'),
(483, '2020-12-13 13:00:00', 'ЛЕТС КВИЗ #105/2', 1, 0, 4, '300 руб/чел'),
(484, '2020-12-12 17:00:00', 'ЛЕТС КВИЗ #105/1', 1, 0, 4, '300 руб/чел'),
(485, '2020-12-20 15:00:00', 'Saint Twins Detective №22.1. Шаг в бездну', 1, 0, 3, '400 руб/чел'),
(486, '2020-12-20 18:30:00', 'Saint Twins Detective №22.2. Шаг в бездну', 1, 0, 3, '400 руб/чел'),
(487, '2020-12-20 12:00:00', 'ЛЕТС КВИЗ JUNIOR', 1, 0, 1, '300 руб/чел'),
(488, '2020-12-26 15:00:00', 'ЛЕТС КВИЗ #106/1 ', 1, 0, 4, '300 руб/чел'),
(489, '2020-12-27 13:00:00', 'ЛЕТС КВИЗ #106/2', 1, 0, 4, '300 руб/чел'),
(490, '2020-12-27 16:15:00', 'ЛЕТС КВИЗ #106/3', 1, 0, 4, '300 руб/чел'),
(491, '2020-12-27 19:30:00', 'ЛЕТС КВИЗ #106/4', 1, 0, 4, '300 руб/чел'),
(492, '2021-01-12 19:30:00', 'ЛЕТС КВИЗ Кино и музыка #107', 2, 0, 2, '300 руб/чел'),
(493, '2021-01-09 18:00:00', 'ЛЕТС КВИЗ Кино и музыка+party #107/1', 1, 0, 4, '400 руб/чел'),
(494, '2021-01-10 16:15:00', 'ЛЕТС КВИЗ Кино и музыка #107/2 ', 1, 0, 4, '300 руб/чел'),
(495, '2021-01-10 19:30:00', 'ЛЕТС КВИЗ Кино и музыка #107/3', 1, 0, 4, '300 руб/чел'),
(496, '2020-01-10 13:00:00', 'ЛЕТС КВИЗ Кино и музыка #107/1', 1, 0, 4, '300 руб/чел'),
(497, '2021-01-17 15:00:00', 'Saint Twins Detective №23.1. Проливая свет', 1, 0, 3, '400 руб/чел'),
(498, '2021-01-17 18:30:00', 'Saint Twins Detective №23.2. Проливая свет', 1, 0, 3, '400 руб/чел'),
(499, '2021-01-17 12:30:00', 'ЛЕТС КВИЗ JUNIOR', 1, 0, 1, '300 руб/чел'),
(500, '2021-01-26 19:30:00', 'ЛЕТС КВИЗ #108', 2, 0, 2, '300 руб/чел'),
(501, '2021-01-23 17:00:00', 'ЛЕТС КВИЗ #108/1', 1, 0, 4, '300 руб/чел'),
(502, '2021-01-24 13:00:00', 'ЛЕТС КВИЗ #108/2', 1, 0, 4, '300 руб/чел'),
(503, '2021-01-24 16:15:00', 'ЛЕТС КВИЗ #108/3', 1, 0, 4, '300 руб/чел'),
(504, '2021-01-24 19:30:00', 'ЛЕТС КВИЗ #108/4', 1, 0, 4, '300 руб/чел'),
(505, '2021-01-30 13:00:00', 'ЛЕТС КВИЗ ', 5, 0, 2, '450 руб/чел'),
(506, '2021-01-31 15:00:00', 'Saint Twins Detective №24.1. Зачарованный всадник', 1, 0, 3, '400 руб/чел'),
(507, '2021-01-31 18:30:00', 'Saint Twins Detective №24.2. Зачарованный всадник', 1, 0, 3, '400 руб/чел'),
(508, '2021-01-31 12:30:00', 'ЛЕТС КВИЗ JUNIOR', 1, 0, 1, '300 руб/чел'),
(509, '2021-02-09 19:30:00', 'ЛЕТС КВИЗ #109', 2, 0, 2, '300 руб/чел'),
(510, '2021-02-06 16:00:00', 'ЛЕТС КВИЗ #109/1', 1, 0, 4, '300 руб/чел'),
(511, '2021-02-07 13:00:00', 'ЛЕТС КВИЗ #109/2', 1, 0, 4, '300 руб/чел'),
(512, '2021-02-07 16:15:00', 'ЛЕТС КВИЗ #109/3', 1, 0, 4, '300 руб/чел'),
(513, '2021-02-07 19:30:00', 'ЛЕТС КВИЗ #109/4', 1, 0, 4, '300 руб/чел'),
(514, '2021-02-14 15:00:00', 'Saint Twins Detective №25.1. Дорожная пыль', 1, 0, 3, '400 руб/чел'),
(515, '2021-02-14 18:30:00', 'Saint Twins Detective №25.2. Дорожная пыль', 1, 0, 3, '400 руб/чел'),
(516, '2021-02-20 19:00:00', 'Летс Квиз ', 5, 0, 2, '450 руб/чел'),
(517, '2021-02-14 12:30:00', 'ЛЕТС КВИЗ JUNIOR', 1, 0, 1, '300 руб/чел'),
(518, '2021-02-23 19:30:00', 'ЛЕТС КВИЗ #110', 2, 0, 2, '300 руб/чел'),
(519, '2021-02-21 13:00:00', 'ЛЕТС КВИЗ #110/1', 1, 0, 4, '300 руб/чел'),
(520, '2021-02-21 16:15:00', 'ЛЕТС КВИЗ #110/2', 1, 0, 4, '300 руб/чел'),
(521, '2021-02-21 19:30:00', 'ЛЕТС КВИЗ #110/3', 1, 0, 4, '300 руб/чел'),
(522, '2021-02-22 16:00:00', 'ЛЕТС КВИЗ #110/4', 1, 0, 4, '300 руб/чел'),
(523, '2021-02-28 15:00:00', 'Saint Twins Detective №26.1. Не все дома', 1, 0, 3, '400 руб/чел'),
(524, '2021-02-28 18:30:00', 'Saint Twins Detective №26.2. Не все дома', 1, 0, 3, '400 руб/чел'),
(525, '2021-02-28 12:30:00', 'ЛЭТС КВИЗ JUNIOR', 1, 0, 1, '300 руб/чел'),
(526, '2021-03-09 19:30:00', 'ЛЕТС КВИЗ #111', 2, 0, 2, '300 руб/чел'),
(527, '2021-03-06 16:00:00', 'ЛЕТС КВИЗ #111/1', 1, 0, 4, '300 руб/чел'),
(528, '2021-03-07 13:00:00', 'ЛЕТС КВИЗ #111/2', 1, 0, 4, '300 руб/чел'),
(529, '2021-03-07 16:15:00', 'ЛЕТС КВИЗ #111/3', 1, 0, 4, '300 руб/чел'),
(530, '2021-03-07 19:30:00', 'ЛЕТС КВИЗ #111/4', 1, 0, 4, '300 руб/чел'),
(531, '2021-03-07 16:00:00', 'ЛЕТС КВИЗ', 5, 0, 2, '450 руб/чел'),
(532, '2021-03-14 15:00:00', 'Saint Twins Detective №27.1. Дух на пороге', 1, 0, 3, '400 руб/чел'),
(533, '2021-03-14 18:30:00', 'Saint Twins Detective №27.2. Дух на пороге', 1, 0, 3, '400 руб/чел'),
(534, '2021-03-14 12:30:00', 'ЛЭТС КВИЗ JUNIOR', 1, 0, 1, '300 руб/чел'),
(535, '2021-03-23 19:30:00', 'ЛЕТС КВИЗ #112', 2, 0, 2, '300 руб/чел'),
(536, '2021-03-20 16:00:00', 'ЛЕТС КВИЗ #112/1', 1, 0, 4, '300 руб/чел'),
(537, '2021-03-21 13:00:00', 'ЛЕТС КВИЗ #112/2', 1, 0, 4, '300 руб/чел'),
(538, '2021-03-21 16:15:00', 'ЛЕТС КВИЗ #112/3', 1, 0, 4, '300 руб/чел'),
(539, '2021-03-21 19:30:00', 'ЛЕТС КВИЗ #112/4', 1, 0, 4, '300 руб/чел'),
(540, '2021-03-28 15:00:00', 'Saint Twins Detective №28.1. Без стука', 1, 0, 3, '400 руб/чел'),
(541, '2021-03-28 18:30:00', 'Saint Twins Detective №28.2. Без стука', 1, 0, 3, '400 руб/чел'),
(542, '2021-03-28 12:30:00', 'ЛЕТС КВИЗ JUNIOR', 1, 0, 1, '300 руб/чел'),
(543, '2021-04-06 19:30:00', 'ЛЕТС КВИЗ #113', 2, 0, 2, '300 руб/чел'),
(544, '2021-04-03 16:00:00', 'ЛЕТС КВИЗ #113/1', 1, 0, 4, '300 руб/чел'),
(545, '2021-04-04 13:00:00', 'ЛЕТС КВИЗ #113/2', 1, 0, 4, '300 руб/чел'),
(546, '2021-04-04 16:15:00', 'ЛЕТС КВИЗ #113/3', 1, 0, 4, '300 руб/чел'),
(547, '2021-04-04 19:30:00', 'ЛЕТС КВИЗ #113/4', 1, 0, 4, '300 руб/чел'),
(548, '2021-04-03 17:00:00', 'ЛЕТС КВИЗ', 5, 0, 2, '450 руб/чел'),
(549, '2021-04-11 15:00:00', 'Saint Twins Detective. Клиент в отражении/1', 1, 0, 3, '400 руб/чел'),
(550, '2021-04-11 18:30:00', 'Saint Twins Detective. Клиент в отражении/2', 1, 0, 3, '400 руб/чел'),
(551, '2021-04-11 12:00:00', 'ЛЕТС КВИЗ JUNIOR', 1, 0, 1, '300 руб/чел'),
(552, '2021-04-20 19:30:00', 'ЛЕТС КВИЗ #114', 2, 0, 2, '300 руб/чел'),
(553, '2021-04-17 16:00:00', 'ЛЕТС КВИЗ #114/1', 1, 0, 4, '300 руб/чел'),
(554, '2021-04-18 13:00:00', 'ЛЕТС КВИЗ #114/2', 1, 0, 4, '300 руб/чел'),
(555, '2021-04-18 16:15:00', 'ЛЕТС КВИЗ #114/3', 1, 0, 4, '300 руб/чел'),
(556, '2021-04-18 19:30:00', 'ЛЕТС КВИЗ #114/4', 1, 0, 4, '300 руб/чел'),
(557, '2021-04-17 17:00:00', 'ЛЕТС КВИЗ', 5, 0, 2, '450 руб/чел'),
(558, '2021-04-25 15:00:00', 'Saint Twins Detective. Ничего личного/1', 1, 0, 3, '400 руб/чел'),
(559, '2021-04-25 18:30:00', 'Saint Twins Detective. Ничего личного/2', 1, 0, 3, '400 руб/чел'),
(560, '2021-05-04 19:30:00', 'ЛЕТС КВИЗ #115', 2, 0, 2, '300 руб/чел'),
(561, '2021-05-02 16:00:00', 'ЛЕТС КВИЗ #115/1', 1, 0, 4, '300 руб/чел'),
(562, '2021-05-03 13:00:00', 'ЛЕТС КВИЗ #115/2', 1, 0, 4, '300 руб/чел'),
(563, '2021-05-03 16:15:00', 'ЛЕТС КВИЗ #115/3', 1, 0, 4, '300 руб/чел'),
(564, '2021-05-03 19:30:00', 'ЛЕТС КВИЗ #115/4', 1, 0, 4, '300 руб/чел'),
(565, '2021-05-01 17:00:00', 'ЛЕТС КВИЗ', 5, 0, 2, '450 руб/чел'),
(566, '2021-05-10 15:00:00', 'Saint Twins Detective. Без стука/1', 1, 0, 3, '400 руб/чел'),
(567, '2021-05-10 18:30:00', 'Saint Twins Detective. Без стука/2', 1, 0, 3, '400 руб/чел'),
(568, '2021-05-10 12:30:00', 'ЛЕТС КВИЗ JUNIOR', 1, 0, 1, '300 руб/чел'),
(569, '2021-05-18 19:30:00', 'ЛЕТС КВИЗ #116', 2, 0, 2, '300 руб/чел'),
(570, '2021-05-15 16:00:00', 'ЛЕТС КВИЗ #116/1', 1, 0, 4, '300 руб/чел'),
(571, '2021-05-16 13:00:00', 'ЛЕТС КВИЗ #116/2', 1, 0, 4, '300 руб/чел'),
(572, '2021-05-16 16:15:00', 'ЛЕТС КВИЗ #116/3', 1, 0, 4, '300 руб/чел'),
(573, '2021-05-16 19:30:00', 'ЛЕТС КВИЗ #116/4', 1, 0, 4, '300 руб/чел'),
(574, '2021-05-23 15:00:00', 'Saint Twins Detective. Фальшивая удача/1', 1, 0, 3, '400 руб/чел'),
(575, '2021-05-23 18:30:00', 'Saint Twins Detective. Фальшивая удача/2', 1, 0, 3, '400 руб/чел'),
(576, '2021-06-08 19:30:00', 'ЛЕТС КВИЗ \"Кино и музыка\"', 2, 0, 2, '300 руб/чел'),
(577, '2021-06-05 18:00:00', 'ЛЕТС КВИЗ \"Кино и музыка\"/1 + PARTY', 1, 0, 4, '400 руб/чел'),
(578, '2021-06-06 13:00:00', 'ЛЕТС КВИЗ \"Кино и музыка\"/2', 1, 0, 4, '300 руб/чел'),
(579, '2021-06-06 16:15:00', 'ЛЕТС КВИЗ \"Кино и музыка\"/3', 1, 0, 4, '300 руб/чел'),
(580, '2021-06-06 19:30:00', 'ЛЕТС КВИЗ \"Кино и музыка\"/4', 1, 0, 4, '300 руб/чел'),
(581, '2021-06-14 15:00:00', 'Saint Twins Detective. Путь к успеху/1', 1, 0, 3, '400 руб/чел'),
(582, '2021-06-14 18:30:00', 'Saint Twins Detective. Путь к успеху/2', 1, 0, 3, '400 руб/чел'),
(583, '2021-06-12 21:00:00', 'Ночной дозор. Пиливо', 1, 0, 2, '2000 руб/ком'),
(584, '2021-06-22 19:30:00', 'ЛЕТС КВИЗ #118', 2, 0, 2, '300 руб/чел'),
(585, '2021-06-19 16:00:00', 'ЛЕТС КВИЗ #118/1', 1, 0, 4, '300 руб/чел'),
(586, '2021-06-20 13:00:00', 'ЛЕТС КВИЗ #118/2', 1, 0, 4, '300 руб/чел'),
(587, '2021-06-20 16:15:00', 'ЛЕТС КВИЗ #118/3', 1, 0, 4, '300 руб/чел'),
(588, '2021-06-20 19:30:00', 'ЛЕТС КВИЗ #118/4', 1, 0, 4, '300 руб/чел'),
(589, '2021-06-27 15:00:00', 'Saint Twins Detective. Скелет в шкафу/1', 1, 0, 3, '400 руб/чел'),
(590, '2021-06-27 18:30:00', 'Saint Twins Detective. Скелет в шкафу/2', 1, 0, 3, '400 руб/чел'),
(591, '2021-06-26 20:30:00', 'Ночной дозор. Пила', 1, 0, 2, '2000 руб/ком'),
(592, '2021-07-03 16:00:00', 'ЛЕТС КВИЗ #119/1', 1, 0, 4, '400 руб/чел'),
(593, '2021-07-04 13:00:00', 'ЛЕТС КВИЗ #119/2', 1, 0, 4, '400 руб/чел'),
(594, '2021-07-04 16:15:00', 'ЛЕТС КВИЗ #119/3', 1, 0, 4, '400 руб/чел'),
(595, '2021-07-04 19:30:00', 'ЛЕТС КВИЗ #119/4', 1, 0, 4, '400 руб/чел'),
(596, '2021-07-06 19:30:00', 'ЛЕТС КВИЗ #119', 2, 0, 2, '300 руб/чел'),
(597, '2021-07-11 15:00:00', 'Saint Twins Detective. Логово змей', 1, 0, 3, '400 руб/чел'),
(598, '2021-07-11 15:00:00', 'Saint Twins Detective. Логово змей ОНЛАЙН', 7, 0, 1, '400 руб/чел'),
(599, '2021-07-10 20:30:00', 'Ночной дозор. Игра №3/Довод', 1, 0, 2, '2000 руб/ком'),
(600, '2021-07-20 19:30:00', 'ЛЕТС КВИЗ #120', 2, 0, 2, '300 руб/чел'),
(601, '2021-07-17 16:00:00', 'ЛЕТС КВИЗ #120/1', 1, 0, 4, '400 руб/чел'),
(602, '2021-07-18 13:00:00', 'ЛЕТС КВИЗ #120/2', 1, 0, 4, '400 руб/чел'),
(603, '2021-07-18 16:15:00', 'ЛЕТС КВИЗ #120/3', 1, 0, 4, '400 руб/чел'),
(604, '2021-07-18 19:30:00', 'ЛЕТС КВИЗ #120/4', 1, 0, 4, '400 руб/чел'),
(605, '2021-07-25 15:00:00', 'Saint Twins Detective. Сети. В SHiZGARA', 1, 0, 3, '400 руб/чел'),
(606, '2021-07-25 15:00:00', 'Saint Twins Detective. Сети. ONLINE', 7, 0, 3, '400 руб/чел'),
(607, '2021-07-24 20:30:00', 'Ночной дозор. Игра №4/Дозорный пирог', 1, 0, 2, '2000 руб/ком'),
(608, '2021-08-01 13:00:00', 'ЛЕТС КВИЗ #121/1', 1, 0, 4, '400 руб/чел'),
(609, '2021-08-01 16:15:00', 'ЛЕТС КВИЗ #121/2', 1, 0, 4, '400 руб/чел'),
(610, '2021-08-01 19:30:00', 'ЛЕТС КВИЗ #121/3', 1, 0, 4, '400 руб/чел'),
(611, '2021-08-03 19:30:00', 'ЛЕТС КВИЗ #121', 2, 0, 2, '300 руб/чел'),
(612, '2021-08-08 15:00:00', 'Saint Twins Detective. Крики в ночи. В SHiZGARA', 1, 0, 3, '400 руб/чел'),
(613, '2021-08-08 15:00:00', 'Saint Twins Detective. Крики в ночи. ONLINE', 7, 0, 3, '400 руб/чел'),
(614, '2021-08-07 20:30:00', 'Ночной дозор. Игра №5/Дозорный пирог', 1, 0, 2, '2000 руб/ком'),
(615, '2021-08-17 19:30:00', 'ЛЕТС КВИЗ #122', 2, 0, 2, '300 руб/чел'),
(616, '2021-08-15 13:00:00', 'ЛЕТС КВИЗ #122/1', 1, 0, 4, '400 руб/чел'),
(617, '2021-08-15 16:15:00', 'ЛЕТС КВИЗ #122/2', 1, 0, 4, '400 руб/чел'),
(618, '2021-08-15 19:30:00', 'ЛЕТС КВИЗ #122/3', 1, 0, 4, '400 руб/чел'),
(619, '2021-08-22 15:00:00', 'Saint Twins Detective. Без будущего. В SHiZGARA', 1, 0, 3, '400 руб/чел'),
(620, '2021-08-22 15:00:00', 'Saint Twins Detective. Без будущего. ОНЛАЙН', 7, 0, 3, '400 руб/чел'),
(621, '2021-08-21 20:30:00', 'Ночной дозор. Игра №6/Ностальгия по дозору', 1, 0, 2, '2000 руб/ком'),
(622, '2021-08-31 19:30:00', 'ЛЕТС КВИЗ #123', 2, 0, 2, '300 руб/чел'),
(623, '2021-08-29 13:00:00', 'ЛЕТС КВИЗ #123/1', 1, 0, 4, '400 руб/чел'),
(624, '2021-08-29 16:15:00', 'ЛЕТС КВИЗ #123/2', 1, 0, 4, '400 руб/чел'),
(625, '2021-08-29 19:30:00', 'ЛЕТС КВИЗ #123/3', 1, 0, 4, '400 руб/чел'),
(626, '2021-09-05 15:00:00', 'Saint Twins Detective. Последние минуты. SHiZGARA', 1, 0, 2, '400 руб/чел'),
(627, '2021-09-05 15:00:00', 'Saint Twins Detective. Последние минуты. ОНЛАЙН', 7, 0, 2, '400 руб/чел'),
(628, '2021-09-04 20:30:00', 'Ночной дозор. Игра №26/Без чувств', 1, 0, 3, '2000 руб/ком'),
(629, '2021-09-12 13:00:00', 'ЛЕТС КВИЗ #124/1', 1, 0, 4, '400 руб/чел'),
(630, '2021-09-12 16:15:00', 'ЛЕТС КВИЗ #124/2', 1, 0, 4, '400 руб/чел'),
(631, '2021-09-12 19:30:00', 'ЛЕТС КВИЗ #124/3', 1, 0, 4, '400 руб/чел'),
(632, '2021-09-14 19:30:00', 'ЛЕТС КВИЗ #124', 2, 0, 2, '300 руб/чел'),
(633, '2021-09-11 16:00:00', 'ЛЕТС КВИЗ #124/0', 1, 0, 4, '400 руб/чел'),
(634, '2021-09-26 16:30:00', 'Saint Twins Detective. В лунном свете. SHiZGARA', 1, 0, 3, '400 руб/чел'),
(635, '2021-09-26 16:30:00', 'Saint Twins Detective. В лунном свете. ОНЛАЙН', 7, 0, 1, '400 руб/чел'),
(636, '2021-10-05 19:30:00', 'ЛЕТС КВИЗ #125', 2, 0, 2, '300 руб/чел'),
(637, '2021-10-03 19:30:00', 'ЛЕТС КВИЗ #125/4', 1, 0, 4, '400 руб/чел'),
(638, '2021-10-03 16:15:00', 'ЛЕТС КВИЗ #125/3', 1, 0, 4, '400 руб/чел'),
(639, '2021-10-03 13:00:00', 'ЛЕТС КВИЗ #125/2', 1, 0, 4, '400 руб/чел'),
(640, '2021-10-02 16:00:00', 'ЛЕТС КВИЗ #125/1', 1, 0, 4, '400 руб/чел'),
(641, '2021-10-09 20:30:00', 'Ночной дозор. Игра №27/БДСМ', 1, 0, 2, '2000 руб/ком'),
(642, '2021-10-09 12:30:00', 'ЛЕТС КВИЗ JUNIOR', 1, 0, 1, '400 руб/чел'),
(643, '2021-10-10 16:30:00', 'Saint Twins Detective. Белыми нитками. SHiZGARA', 1, 0, 3, '400 руб/чел'),
(644, '2021-10-10 16:30:00', 'Saint Twins Detective. Белыми нитками. ОНЛАЙН', 7, 0, 3, '400 руб/чел'),
(645, '2021-10-16 18:00:00', 'ЛЕТС КВИЗ. Кино и музыка + party/1', 1, 0, 4, '400 руб/чел'),
(646, '2021-10-17 15:00:00', 'ЛЕТС КВИЗ. Кино и музыка/2', 1, 0, 4, '400 руб/чел'),
(647, '2021-10-17 18:00:00', 'ЛЕТС КВИЗ. Кино и музыка/3', 1, 0, 4, '400 руб/чел'),
(648, '2021-10-19 19:30:00', 'ЛЕТС КВИЗ. Кино и музыка', 2, 0, 2, '300 руб/чел'),
(649, '2021-10-24 16:30:00', 'Saint Twins Detective. Белыми нитками. SHiZGARA', 1, 0, 3, '400 руб/чел'),
(650, '2021-10-24 16:30:00', 'Saint Twins Detective. Белыми нитками. ОНЛАЙН', 7, 0, 3, '400 руб/чел'),
(651, '2021-10-23 20:30:00', 'Ночной дозор. Игра №28/               Тупо пиливо', 1, 0, 2, '2000 руб/ком'),
(652, '2021-08-31 13:00:00', 'ЛЕТС КВИЗ #127/1', 1, 0, 4, '400 руб/чел'),
(653, '2021-08-31 16:15:00', 'ЛЕТС КВИЗ #127/2', 1, 0, 4, '400 руб/чел'),
(654, '2021-08-31 19:30:00', 'ЛЕТС КВИЗ #127/3', 1, 0, 4, '400 руб/чел'),
(655, '2021-08-02 19:30:00', 'ЛЕТС КВИЗ #127', 2, 0, 2, '300 руб/чел'),
(656, '2021-10-31 18:00:00', 'ЛЕТС КВИЗ #127 ОНЛАЙН', 7, 0, 4, '500/1000 руб/ком'),
(657, '2021-11-07 16:30:00', 'Saint Twins Detective. Последний променад. ОНЛАЙН', 7, 0, 3, '1000 рублей/команда'),
(658, '2021-11-06 20:30:00', 'Ночной дозор. Игра №29/ Хранители', 1, 0, 2, '2000 руб/ком'),
(659, '2021-11-13 16:30:00', 'ЛЕТС КВИЗ #128/1', 1, 0, 4, '400 руб/чел'),
(660, '2021-11-14 13:00:00', 'ЛЕТС КВИЗ #128/2', 1, 0, 4, '400 руб/чел'),
(661, '2021-11-14 16:15:00', 'ЛЕТС КВИЗ #128/3', 1, 0, 4, '400 руб/чел'),
(662, '2021-11-14 19:30:00', 'ЛЕТС КВИЗ #128/4', 1, 0, 4, '400 руб/чел'),
(663, '2021-11-16 19:30:00', 'ЛЕТС КВИЗ #128', 2, 0, 2, '300 руб/чел'),
(664, '2021-11-21 16:30:00', 'Saint Twins Detective. Бей первым. SHiZGARA', 1, 0, 3, '400 руб/чел'),
(665, '2021-11-21 16:30:00', 'Saint Twins Detective. Бей первым. ОНЛАЙН', 7, 0, 3, '400 руб/чел'),
(666, '2021-11-19 21:00:00', 'Фотоохота №1', 1, 0, 2, '500 руб/ком'),
(667, '2021-11-30 19:30:00', 'ЛЕТС КВИЗ #129', 2, 0, 2, '300 руб/чел'),
(668, '2021-11-27 16:30:00', 'ЛЕТС КВИЗ #129/1', 1, 0, 4, '400 руб/чел'),
(669, '2021-11-28 13:00:00', 'ЛЕТС КВИЗ #129/2', 1, 0, 4, '400 руб/чел'),
(670, '2021-11-28 16:15:00', 'ЛЕТС КВИЗ #129/3', 1, 0, 4, '400 руб/чел'),
(671, '2021-11-28 19:30:00', 'ЛЕТС КВИЗ #129/4', 1, 0, 4, '400 руб/чел'),
(672, '2021-12-04 20:30:00', 'Ночной дозор. Игра #30/Праздник к нам приходит', 1, 0, 2, '2000 руб/ком'),
(673, '2021-12-05 16:30:00', 'Saint Twins Detective. Дурная слава. ОНЛАЙН', 7, 0, 3, '400 руб/чел'),
(674, '2021-12-05 16:30:00', 'Saint Twins Detective. Дурная слава. SHiZGARA', 1, 0, 3, '400 руб/чел'),
(675, '2021-12-14 19:30:00', 'ЛЕТС КВИЗ #130', 2, 0, 2, '300 руб/чел'),
(676, '2021-12-11 16:30:00', 'ЛЕТС КВИЗ #130/1', 1, 0, 4, '400 руб/чел'),
(677, '2021-12-12 13:00:00', 'ЛЕТС КВИЗ #130/2', 1, 0, 4, '400 руб/чел'),
(678, '2021-12-12 16:15:00', 'ЛЕТС КВИЗ #130/3', 1, 0, 4, '400 руб/чел'),
(679, '2021-12-12 19:30:00', 'ЛЕТС КВИЗ #130/4', 1, 0, 4, '400 руб/чел'),
(680, '2021-12-18 20:30:00', 'Фототочки №1', 1, 0, 2, '500 руб/ком'),
(681, '2021-12-26 13:00:00', 'ЛЕТС КВИЗ #131/1', 1, 0, 4, '400 руб/чел'),
(682, '2021-12-26 16:15:00', 'ЛЕТС КВИЗ #131/2', 1, 0, 4, '400 руб/чел'),
(683, '2021-12-26 19:30:00', 'ЛЕТС КВИЗ #131/3', 1, 0, 4, '400 руб/чел'),
(684, '2022-01-11 19:30:00', 'ЛЕТС КВИЗ #132', 2, 0, 2, '300 руб/чел'),
(685, '2022-01-09 13:00:00', 'ЛЕТС КВИЗ #132/1', 1, 0, 4, '400 руб/чел'),
(686, '2022-01-09 16:15:00', 'ЛЕТС КВИЗ #132/2', 1, 0, 4, '400 руб/чел'),
(687, '2022-01-09 19:30:00', 'ЛЕТС КВИЗ #132/3', 1, 0, 4, '400 руб/чел'),
(688, '2022-01-25 19:30:00', 'ЛЕТС КВИЗ 133. Кино и музыка', 2, 0, 2, '300 руб/чел'),
(689, '2022-01-23 13:00:00', 'ЛЕТС КВИЗ 133. Кино и музыка/1', 1, 0, 4, '400 руб/чел'),
(690, '2022-01-23 16:15:00', 'ЛЕТС КВИЗ 133. Кино и музыка/2', 1, 0, 4, '400 руб/чел'),
(691, '2022-01-23 19:30:00', 'ЛЕТС КВИЗ 133. Кино и музыка/3', 1, 0, 4, '400 руб/чел'),
(692, '2022-01-22 16:30:00', 'ЛЕТС КВИЗ 133. Кино и музыка/0', 1, 0, 4, '400 руб/чел'),
(693, '2022-02-06 13:00:00', 'ЛЕТС КВИЗ 134/1', 1, 0, 4, '400 руб/чел'),
(694, '2022-02-06 16:15:00', 'ЛЕТС КВИЗ 134/2', 1, 0, 4, '400 руб/чел'),
(695, '2022-02-06 19:30:00', 'ЛЕТС КВИЗ 134/3', 1, 0, 4, '400 руб/чел'),
(696, '2022-02-08 19:30:00', 'ЛЕТС КВИЗ 134', 2, 0, 2, '300 руб/чел'),
(697, '2022-02-05 14:00:00', 'ЛЕТС КВИЗ 134/0', 1, 0, 4, '400 руб/чел');

-- --------------------------------------------------------

--
-- Структура таблицы `notify`
--

CREATE TABLE `notify` (
  `id` int(11) NOT NULL,
  `type` varchar(100) DEFAULT NULL,
  `city_id` int(11) DEFAULT NULL,
  `email` varchar(100) NOT NULL
) ENGINE=MyISAM DEFAULT CHARSET=utf8;

--
-- Дамп данных таблицы `notify`
--

INSERT INTO `notify` (`id`, `type`, `city_id`, `email`) VALUES
(1, NULL, NULL, 'letsquizST@yandex.ru'),
(2, 'REGISTRATION', 4, 'kvartal.quiz@gmail.com'),
(3, 'REGISTRATION', 5, 'letsquiz@yandex.ru'),
(4, 'REGISTRATION', 6, 'Lexa.rzn62@bk.ru');

-- --------------------------------------------------------

--
-- Структура таблицы `photo`
--

CREATE TABLE `photo` (
  `id` int(11) NOT NULL,
  `url` varchar(100) NOT NULL,
  `order` int(11) DEFAULT NULL
) ENGINE=MyISAM DEFAULT CHARSET=utf8;

--
-- Дамп данных таблицы `photo`
--

INSERT INTO `photo` (`id`, `url`, `order`) VALUES
(4, 'photo/2B0FwAzlv-8.jpg', 9),
(6, 'photo/39r_Ui0Cw04.jpg', 11),
(9, 'photo/5vehvvqkQKs.jpg', 14),
(10, 'photo/5Za03yvwwH0.jpg', 15),
(14, 'photo/8kiJjNyya2I.jpg', 19),
(24, 'photo/fd6tecX6AyY.jpg', 29),
(25, 'photo/gqkZgywKsgo.jpg', 30),
(26, 'photo/HDNMaNwBeHg.jpg', 31),
(27, 'photo/HlA0cdYi-X0.jpg', 32),
(28, 'photo/hom9A4DnVlQ.jpg', 33),
(30, 'photo/myFXND2Ho0k.jpg', 35),
(32, 'photo/tiU_ZtS10L0.jpg', 37),
(36, 'photo/WXBl0avMLwU.jpg', 41),
(39, 'photo/Jzscf5qA8Nw.jpg', 10),
(41, 'photo/bV8VRG1thlU.jpg', 4),
(42, 'photo/rXJLW7qhDMM.jpg', 5),
(43, 'photo/SBxgxLohBOsI.jpg', 5),
(44, 'photo/ujPmnZxeeY2u.jpg', 5),
(45, 'photo/CSinSGsVoDxf.jpg', 3),
(46, 'photo/Bz5eHiOrUXBe.jpg', 4),
(47, 'photo/CTctTbwYnfxV.jpg', 5),
(48, 'photo/OhAhhW4bVdDx.jpg', 1),
(49, 'photo/G8MlPYL2ai2C.jpg', 7),
(50, 'photo/pvP4LtdX3wVK.jpg', 3),
(51, 'photo/1TrxQm5349NI.jpg', 4),
(52, 'photo/VL2oNBxFiEHG.jpg', 2),
(53, 'photo/z9DDMr0ZIAKO.jpg', 3),
(54, 'photo/4D1jLsRELj1m.jpg', 3),
(55, 'photo/7jFVHh2LTNGt.jpg', 6),
(56, 'photo/7X5Ki9aWBLd7.jpg', 7),
(57, 'photo/6rBR7flk0dF4.jpg', 3),
(58, 'photo/D81ERb01jCeT.jpg', 5);

-- --------------------------------------------------------

--
-- Структура таблицы `question`
--

CREATE TABLE `question` (
  `id` int(11) NOT NULL,
  `order` int(11) NOT NULL,
  `question` text NOT NULL,
  `answer` text NOT NULL
) ENGINE=MyISAM DEFAULT CHARSET=utf8;

--
-- Дамп данных таблицы `question`
--

INSERT INTO `question` (`id`, `order`, `question`, `answer`) VALUES
(1, 1, 'В этой европейской стране популярны футболки с перечеркнутым изображением кенгуру и надписью, что тут кенгуру не живут. Что это за страна?', 'Австрия (не путать с Австралией)'),
(2, 2, 'Угадайте знаменитость: <br />Родился в 1978 г <br />Начал свою карьеру в сериале \"Улицы разбитых фонарей\" <br />Играет на гитаре, фортепиано, аккордеоне, блок-флейте и ударных <br />Является соавтором книги Владимира Познера \"Одноэтажная Америка\" <br />Ведущий кулинарного шоу <br />Очень любит Елки', 'Иван Ургант'),
(3, 3, 'В честь юбилея одной замечательной игры, издатель Hasbro сообщил что упакует в коробки с игрой настоящие деньги. В 79 коробках игровые деньги будут частично заменены на реальные купюры, а в одной коробке будут заменены все банкноты и обладатель получит сумму = 20,5 тысяч евро. Как называется эта игра? И сколько лет ей исполняется?', 'Монополия, 80 лет'),
(4, 4, 'Народное название этой травы \"Мяун\". Напишите научное название', 'Валериана'),
(5, 5, 'Притча о шести великих евреях, которые изменили мир: <br />Моисей сказал, что все от НЕБЕС <br />Соломон сказал, что все от ГОЛОВЫ <br />Иисус сказал, что все от СЕРДЦА <br />Маркс сказал, что все от ЖИВОТА <br />Фрейд сказал, что все от КХЕКХЕ ЧУТЬ НИЖЕ ЖИВОТА)) <br />Эйнштейн сказа, что все ОT... <br />Что сказал Эйнштейн?', 'все ОТНОСИТЕЛЬНО'),
(6, 6, 'В одном американском городе местные библиотекари устроили выставку. Среди разнообразных бумажек и полосок картона, посетители могли увидеть и такие экспонаты как: кредитные карты, фантики от конфет, ломтики засохшей колбасы, расчески, лезвия для бритвы', 'Выставка книжных закладок'),
(7, 7, '\"Король Тьмы\" и популярный музыкант Мерилин Мэнсон выпускает абсент под названием \"Absinthe Mansinthe\". Чему равна крепость напитка Мэнсона?', 'Крепость равна 66,6%');

-- --------------------------------------------------------

--
-- Структура таблицы `registration`
--

CREATE TABLE `registration` (
  `id` int(11) NOT NULL,
  `game_id` int(11) NOT NULL,
  `date` datetime NOT NULL,
  `team_name` varchar(50) NOT NULL,
  `team_count` tinyint(1) NOT NULL,
  `leader_name` varchar(50) NOT NULL,
  `phone` varchar(50) NOT NULL,
  `email` varchar(50) NOT NULL
) ENGINE=MyISAM DEFAULT CHARSET=utf8;

--
-- Дамп данных таблицы `registration`
--

INSERT INTO `registration` (`id`, `game_id`, `date`, `team_name`, `team_count`, `leader_name`, `phone`, `email`) VALUES
(6642, 687, '2022-01-02 15:31:25', 'Банда', 7, 'Дмитрий', '89852715270', 'somova.ania2016@yandex.ru'),
(6643, 685, '2022-01-04 21:59:22', 'Тупой и ещё тупее ', 7, 'Андрей ', '89168015063', 'irinka-stupino96@mail.ru'),
(6644, 684, '2022-01-07 14:10:31', 'Арктик Оушен (а не Атлантик)', 6, 'Александр', '+79858717894', 'zakota.e@yandex.ru'),
(6645, 687, '2022-01-08 14:49:07', 'Нам все покер ', 8, 'Пархачева Елена', '89154985918', 'kxenia@mail.ru'),
(6646, 684, '2022-01-08 16:55:48', 'Трое в лодке', 3, 'Дарья', '89855595974', 'daryashutkova@yandex.com'),
(6647, 684, '2022-01-08 16:55:49', 'Трое в лодке', 3, 'Дарья', '89855595974', 'daryashutkova@yandex.com'),
(6648, 684, '2022-01-08 17:25:33', 'Жбан', 4, 'Анастасия', '89168406166', 'uljanova-nastya@mail.ru'),
(6649, 684, '2022-01-08 17:25:34', 'Жбан', 4, 'Анастасия', '89168406166', 'uljanova-nastya@mail.ru'),
(6650, 684, '2022-01-08 17:43:51', 'Bazinga', 8, 'Капитан синяя борода ', '89164398631', 'alena.dobroserdova@mail.ru'),
(6651, 684, '2022-01-08 17:43:52', 'Bazinga', 8, 'Капитан синяя борода ', '89164398631', 'alena.dobroserdova@mail.ru'),
(6652, 684, '2022-01-08 19:14:30', 'Надежды нет ', 9, 'Света ', '89163742210', 'lisina3012@mail.ru'),
(6653, 684, '2022-01-09 11:19:38', 'И Серёжа тоже', 4, 'Настя Николаева', '89175433033', 'nikolaeva.yesteacher@gmail.com'),
(6654, 684, '2022-01-09 12:05:30', 'Та самая команда ', 3, 'Натали ', '89151174280', 'nota-rich@mail.ru'),
(6655, 684, '2022-01-10 21:45:49', 'Конфетитьки', 6, 'Егор Осипов ', '89998045166', 'vozrech@gmail.com'),
(6656, 684, '2022-01-11 15:33:09', 'Отдыхашки', 5, 'Ольга', '89269244999', '2605oly@mail.ru'),
(6657, 689, '2022-01-12 18:00:05', 'Рамамба Хара Мамбуру', 9, 'Влад', '89670928241', 'd3skort@gmail.com'),
(6658, 691, '2022-01-12 18:00:10', 'Пора по барам', 9, 'Ксю', '+79261495056', 'ksulubikotov@yandex.ru'),
(6659, 690, '2022-01-12 18:00:19', '5642m', 9, 'Дмитрий', '89055093719', 'udv8@ya.ru'),
(6660, 691, '2022-01-12 18:00:20', 'Имею скафандр-готов путешествовать', 6, 'Кирюхина Елена', '+79165716683', 'kirlena@inbox.ru'),
(6661, 691, '2022-01-12 18:00:23', 'Community ', 8, 'Kate ', '9166583748', 'bloodhammer2007@yandex.ru'),
(6662, 690, '2022-01-12 18:00:26', 'Машкины мурашки', 9, 'Мария', '89160708503', 'montana_06@list.ru');
INSERT INTO `registration` (`id`, `game_id`, `date`, `team_name`, `team_count`, `leader_name`, `phone`, `email`) VALUES
(6663, 690, '2022-01-12 18:00:27', 'Машкины мурашки', 9, 'Мария', '89160708503', 'montana_06@list.ru'),
(6664, 689, '2022-01-12 18:00:28', 'Вспомнить всё!', 5, 'Евгения', '89152718994', 'evgeniya.bel@mail.ru'),
(6665, 691, '2022-01-12 18:00:28', 'Adimas44 ', 6, 'Dmitry ', '+79150483213', 'aspirant82@mail.ru'),
(6666, 691, '2022-01-12 18:00:29', 'С Блэк Джеком ', 6, 'Наталья Храмова ', '89853548444', 'n.hramova@bk.ru'),
(6667, 689, '2022-01-12 18:00:29', 'На позипиве', 8, 'Катерина', '89251950377', 'katerina_0404@mail.ru'),
(6668, 691, '2022-01-12 18:00:30', 'Не вБилл Шифр', 8, 'Иван', '89163629954', 'lancknext@mail.ru'),
(6669, 690, '2022-01-12 18:00:33', 'Не придумали', 9, 'Яна', '89250353753', 'horoshayayana@mail.ru'),
(6670, 690, '2022-01-12 18:00:33', 'Лепреконы', 8, 'Марина', '+79269419496', 'malyutinamy83@yandex.ru'),
(6671, 690, '2022-01-12 18:00:34', 'Не придумали', 9, 'Яна', '89250353753', 'horoshayayana@mail.ru'),
(6672, 689, '2022-01-12 18:00:34', 'Камера обскура', 8, 'Алена', '89857372800', 'alenochka1903@rambler.ru'),
(6673, 690, '2022-01-12 18:00:35', 'Три пишем, два в уме', 6, 'Юля', '89169813382', 'vkashire@gmail.com'),
(6674, 690, '2022-01-12 18:00:36', 'Три пишем, два в уме', 6, 'Юля', '89169813382', 'vkashire@gmail.com'),
(6675, 689, '2022-01-12 18:00:37', 'Антананариву ', 9, 'Марина', '89199705074', 'm-esman@yandex.ru'),
(6676, 690, '2022-01-12 18:00:41', 'Антитела', 6, 'Светлана', '89031906144', 'imaeva.s@mail.ru'),
(6677, 691, '2022-01-12 18:00:42', 'Физра', 9, 'Катя Мишина ', '89252246122', 'm_ishina@bk.ru'),
(6678, 691, '2022-01-12 18:00:43', 'Физра', 9, 'Катя Мишина ', '89252246122', 'm_ishina@bk.ru'),
(6679, 690, '2022-01-12 18:00:46', 'Чипсы', 9, 'Дмитрий', '9851677573', 'dmitry.popov77@gmail.com'),
(6680, 690, '2022-01-12 18:00:46', 'Чипсы', 9, 'Дмитрий', '9851677573', 'dmitry.popov77@gmail.com'),
(6681, 691, '2022-01-12 18:00:48', 'Междустрочный ', 5, 'Анастасия ', '89688239725', 'saharsladky@mail.ru'),
(6682, 691, '2022-01-12 18:00:48', 'Междустрочный ', 5, 'Анастасия ', '89688239725', 'saharsladky@mail.ru'),
(6683, 691, '2022-01-12 18:00:48', 'Междустрочный ', 5, 'Анастасия ', '89688239725', 'saharsladky@mail.ru'),
(6684, 691, '2022-01-12 18:00:48', 'Междустрочный ', 5, 'Анастасия ', '89688239725', 'saharsladky@mail.ru'),
(6685, 691, '2022-01-12 18:00:48', 'Междустрочный ', 5, 'Анастасия ', '89688239725', 'saharsladky@mail.ru'),
(6686, 691, '2022-01-12 18:00:48', 'Междустрочный ', 5, 'Анастасия ', '89688239725', 'saharsladky@mail.ru'),
(6687, 690, '2022-01-12 18:00:49', 'Проигрыватель ', 6, 'Солдатова Анна', '9154552279', 'popova-anna@inbox.ru'),
(6688, 691, '2022-01-12 18:00:51', 'Междустрочный ', 5, 'Анастасия ', '89688239725', 'saharsladky@mail.ru'),
(6689, 691, '2022-01-12 18:00:51', 'Междустрочный ', 5, 'Анастасия ', '89688239725', 'saharsladky@mail.ru'),
(6690, 691, '2022-01-12 18:00:51', 'Междустрочный ', 5, 'Анастасия ', '89688239725', 'saharsladky@mail.ru'),
(6691, 691, '2022-01-12 18:00:51', 'Междустрочный ', 5, 'Анастасия ', '89688239725', 'saharsladky@mail.ru'),
(6692, 691, '2022-01-12 18:00:51', 'Междустрочный ', 5, 'Анастасия ', '89688239725', 'saharsladky@mail.ru'),
(6693, 691, '2022-01-12 18:00:51', 'Междустрочный ', 5, 'Анастасия ', '89688239725', 'saharsladky@mail.ru'),
(6694, 691, '2022-01-12 18:00:51', 'Междустрочный ', 5, 'Анастасия ', '89688239725', 'saharsladky@mail.ru'),
(6695, 691, '2022-01-12 18:00:51', 'Междустрочный ', 5, 'Анастасия ', '89688239725', 'saharsladky@mail.ru'),
(6696, 691, '2022-01-12 18:00:51', 'Междустрочный ', 5, 'Анастасия ', '89688239725', 'saharsladky@mail.ru'),
(6697, 691, '2022-01-12 18:00:51', 'Междустрочный ', 5, 'Анастасия ', '89688239725', 'saharsladky@mail.ru'),
(6698, 691, '2022-01-12 18:00:51', 'Междустрочный ', 5, 'Анастасия ', '89688239725', 'saharsladky@mail.ru'),
(6699, 691, '2022-01-12 18:00:52', 'Междустрочный ', 5, 'Анастасия ', '89688239725', 'saharsladky@mail.ru'),
(6700, 691, '2022-01-12 18:00:52', 'Междустрочный ', 5, 'Анастасия ', '89688239725', 'saharsladky@mail.ru'),
(6701, 691, '2022-01-12 18:00:52', 'Междустрочный ', 5, 'Анастасия ', '89688239725', 'saharsladky@mail.ru'),
(6702, 691, '2022-01-12 18:00:52', 'Междустрочный ', 5, 'Анастасия ', '89688239725', 'saharsladky@mail.ru'),
(6703, 691, '2022-01-12 18:00:52', 'Междустрочный ', 5, 'Анастасия ', '89688239725', 'saharsladky@mail.ru'),
(6704, 691, '2022-01-12 18:00:52', 'Междустрочный ', 5, 'Анастасия ', '89688239725', 'saharsladky@mail.ru'),
(6705, 691, '2022-01-12 18:00:53', 'ISKATELI', 9, 'Vvv', '9', 'vasilyevvladimir@mail.ru'),
(6706, 690, '2022-01-12 18:00:53', 'Тряхни нормальность', 9, 'Ольга', '89858189209', 'lelya09@gmail.com'),
(6707, 690, '2022-01-12 18:00:53', 'Тряхни нормальность', 9, 'Ольга', '89858189209', 'lelya09@gmail.com'),
(6708, 690, '2022-01-12 18:00:54', 'Тряхни нормальность', 9, 'Ольга', '89858189209', 'lelya09@gmail.com'),
(6709, 691, '2022-01-12 18:00:57', 'Междустрочный ', 5, 'Анастасия ', '89688239725', 'saharsladky@mail.ru'),
(6710, 691, '2022-01-12 18:00:57', 'Междустрочный ', 5, 'Анастасия ', '89688239725', 'saharsladky@mail.ru'),
(6711, 691, '2022-01-12 18:00:57', 'Междустрочный ', 5, 'Анастасия ', '89688239725', 'saharsladky@mail.ru'),
(6712, 691, '2022-01-12 18:01:00', 'Междустрочный ', 5, 'Анастасия ', '89688239725', 'saharsladky@mail.ru'),
(6713, 691, '2022-01-12 18:01:03', 'Междустрочный ', 5, 'Анастасия ', '89688239725', 'saharsladky@mail.ru'),
(6714, 691, '2022-01-12 18:01:07', 'Междустрочный ', 5, 'Анастасия ', '89688239725', 'saharsladky@mail.ru'),
(6715, 691, '2022-01-12 18:01:07', 'Междустрочный ', 5, 'Анастасия ', '89688239725', 'saharsladky@mail.ru'),
(6716, 690, '2022-01-12 18:01:11', 'Hakuna Matata ', 9, 'Ирина Иноземцева ', '89264102692', 'benedai@mail.ru'),
(6717, 690, '2022-01-12 18:01:12', 'Опг ромашка', 9, 'Трутникова', '89168306532', 'yuka_stup@nail.ru'),
(6718, 690, '2022-01-12 18:01:14', 'Опг ромашка', 9, 'Трутникова', '89168306532', 'yuka_stup@nail.ru'),
(6719, 690, '2022-01-12 18:01:25', 'Рожденные в СССР', 8, 'Максим', '+7 926 574 18 47', 'alekseev.kmk@yandex.ru'),
(6720, 691, '2022-01-12 18:01:52', 'Кто во что Тарас ', 9, 'Дмитрий ', '+79055653249', 'kentavrevil@mail.ru'),
(6721, 690, '2022-01-12 18:01:59', 'Профитроли', 6, 'Анна ', '89164711680', 'chizhikova-a@inbox.ru'),
(6722, 690, '2022-01-12 18:02:06', 'Диванные Эксперты', 9, 'Родион', '89266390891', 'rodionmaksimenko@yandex.ru'),
(6723, 690, '2022-01-12 18:02:31', 'Всем ПитьЗдесь ', 9, 'Сухова', '89265857843', 'natiffa@rambler.ru'),
(6724, 689, '2022-01-12 18:03:18', 'Волк и 7 тупят', 9, 'Лена', '+79263030366', 'helen23061@gmail.com'),
(6725, 689, '2022-01-12 18:03:18', 'Волк и 7 тупят', 9, 'Лена', '+79263030366', 'helen23061@gmail.com'),
(6726, 689, '2022-01-12 18:03:49', 'Turbo', 7, 'Ирина', '8-916-051-42-93', 'trofimova-i@inbox.ru'),
(6727, 689, '2022-01-12 18:05:50', 'Мы так и знали!', 9, 'Екатерина Швычкова', '89169092387', 'shvch95@mail.ru'),
(6728, 689, '2022-01-12 18:06:11', 'Коляска Хокинга', 8, 'Юлия ', '89162052440', 'j.romanenko@live.ru'),
(6729, 689, '2022-01-12 18:06:29', 'Need for spirt ', 9, 'Masha', '89031905406', 'mashachurkina27@mail.ru'),
(6730, 689, '2022-01-12 18:06:29', 'Need for spirt ', 9, 'Masha', '89031905406', 'mashachurkina27@mail.ru'),
(6731, 689, '2022-01-12 18:07:59', 'Эксельсиор ', 9, 'Анна', '89161617962', 'bryksina.a@inbox.ru'),
(6732, 689, '2022-01-12 18:08:01', 'не фонтан', 5, 'Марина Волкова', '+79104428077', 'mismihnevo@rambler.ru'),
(6733, 690, '2022-01-12 18:08:18', 'Бац! 2ая', 4, 'Раиса', '89855554944', 'ragoroxova@mail.ru'),
(6734, 689, '2022-01-12 18:08:40', 'StupKash', 9, 'Дмитрий', '89261374103', 'and1_k@mail.ru'),
(6735, 691, '2022-01-12 18:09:27', 'Яков Robinson ', 9, 'Питерцев Антон ', '89165619047', 'pitertceva89@mail.ru'),
(6736, 689, '2022-01-12 18:09:28', 'Серпом по логике ', 9, 'Ольга', '89096220139', 'olgam90@mail.ru'),
(6737, 689, '2022-01-12 18:13:07', 'Optimus', 9, 'Деханова', '89771798609', 'ninok1982@mail.ru'),
(6738, 688, '2022-01-12 18:22:40', 'Базиня намбер ван ', 9, 'Все тот же ', '+7 (916) 439-86-31', 'alena.dobroserdova@mail.ru'),
(6739, 688, '2022-01-12 18:22:56', '#In_vino_veritas', 5, 'Анна', '89154701011', 'anetik8907@mail.ru'),
(6740, 690, '2022-01-12 18:24:16', 'Варварики', 8, 'Алексей', '+79257814560', 'jo1985@mail.ru'),
(6741, 691, '2022-01-12 18:24:28', 'Квартет Шредингера', 4, 'Надежда', '89299107871', 'trinity_demon@mail.ru'),
(6742, 691, '2022-01-12 18:28:44', 'Святые негодники ', 9, 'Мармулев Александр ', '89150612122', 'marmulev96@mail.ru'),
(6743, 689, '2022-01-12 18:29:43', 'Липучий случай ', 9, 'Владислав ', '9197775665', 'raev.vlad@mail.ru'),
(6744, 689, '2022-01-12 18:29:44', 'Липучий случай ', 9, 'Владислав ', '9197775665', 'raev.vlad@mail.ru'),
(6745, 691, '2022-01-12 18:35:13', 'Играй, гормон!', 7, 'Маруся', '89263039417', 'ovsyamar@mail.ru'),
(6746, 691, '2022-01-12 18:35:15', 'Играй, гормон!', 7, 'Маруся', '89263039417', 'ovsyamar@mail.ru'),
(6747, 688, '2022-01-12 18:39:48', 'Надежды нет ', 8, 'Света ', '89163742210', 'lisina3012@mail.ru'),
(6748, 689, '2022-01-12 18:41:44', 'Квизда', 7, 'Мария Егорова ', '+7 999 830-82-93', 'zianwater@mail.ru'),
(6749, 689, '2022-01-12 18:41:45', 'Квизда', 7, 'Мария Егорова ', '+7 999 830-82-93', 'zianwater@mail.ru'),
(6750, 690, '2022-01-12 18:43:16', 'Союз разных публик', 9, 'Каролина Линник', '89857875735', 'golddigger40@gmail.com'),
(6751, 689, '2022-01-12 18:47:51', 'QueenZ ', 9, 'Ольга', '89197718774', 'olga_papusha@mail.ru'),
(6752, 688, '2022-01-12 18:47:53', 'Унаги', 5, 'Ирина', '89251998517', 'iri6kalidinec@mail.ru'),
(6753, 690, '2022-01-12 18:50:31', 'Сталину на вас лень', 8, 'Алена', '89264084348', 'makalenyshka@gmail.com'),
(6754, 690, '2022-01-12 18:51:00', '9 вал', 8, 'Порошина Мария', '89199700880', 'poroshina-mari@inbox.ru'),
(6755, 688, '2022-01-12 18:51:40', 'Интеллектуальная собственность', 7, 'Илья', '+79154558189', 'ilya.neverov83@gmail.com'),
(6756, 690, '2022-01-12 18:52:56', 'Нам все покер', 7, 'Елена', '89688213532', 'elena.parxacheva@mail.ru'),
(6757, 690, '2022-01-12 18:52:56', 'Нам все покер', 7, 'Елена', '89688213532', 'elena.parxacheva@mail.ru'),
(6758, 690, '2022-01-12 18:53:05', 'Нам все покер', 7, 'Елена', '89688213532', 'elena.parxacheva@mail.ru'),
(6759, 690, '2022-01-12 18:53:09', 'Нам все покер', 7, 'Елена', '89688213532', 'elena.parxacheva@mail.ru'),
(6760, 690, '2022-01-12 18:53:32', '9 вал', 8, 'Порошина Мария', '89199700880', 'poroshina-mari@inbox.ru'),
(6761, 691, '2022-01-12 19:04:59', 'Утомлённые ипотекой ', 6, 'Денис', '89647913139', 'privlili@mail.ru'),
(6762, 691, '2022-01-12 19:06:28', 'Карманы Вассермана', 6, 'Татьяна', '89851524108', 't-dolgaya@bk.ru'),
(6763, 689, '2022-01-12 19:10:38', 'Нетуттобыло ', 2, 'Оксана', '89161772033', 'Ladyfoxyfan@yandex.ru'),
(6764, 689, '2022-01-12 19:10:39', 'Нетуттобыло ', 2, 'Оксана', '89161772033', 'Ladyfoxyfan@yandex.ru'),
(6765, 690, '2022-01-12 19:19:15', 'пЭрсики', 5, 'Сюзанна', '+7 (916) 063-87-18', 'maria.balyaeva@gmail.com'),
(6766, 690, '2022-01-12 19:19:16', 'пЭрсики', 5, 'Сюзанна', '+7 (916) 063-87-18', 'maria.balyaeva@gmail.com'),
(6767, 691, '2022-01-12 19:23:02', 'Особи', 9, 'Александра', '89153120030', 'alexandrakorolko9@gmail.com'),
(6768, 691, '2022-01-12 20:07:40', 'Разные люди ', 9, 'Сергей ', '89166127569', 'walerijalins@gmail.com'),
(6769, 689, '2022-01-12 20:59:45', 'до лампочки ', 6, 'Настя', '89164582366', 'ahvoshinskaya@yandex.ru'),
(6770, 691, '2022-01-12 22:35:43', 'Тапочки Эйнштейна', 2, 'Елена', '+79852534939', 'flame57@mail.ru'),
(6771, 688, '2022-01-13 07:38:44', 'ООО НЛИ Ю', 7, 'Лариса', '89175595910', 'lori.m77@mail.ru'),
(6772, 688, '2022-01-13 09:49:01', 'Эйс Вентура', 9, 'Олег', '89165069223', 'oleg.bebinov@gmail.com'),
(6773, 688, '2022-01-13 09:53:19', 'Сестра, шутку!', 5, 'Анастасия', '89151122467', 'rozhkovaaa2014@gmail.com'),
(6774, 688, '2022-01-13 14:36:30', 'Дауны', 9, 'Алексей ', '+79956577170', 'avp73@bk.ru'),
(6775, 688, '2022-01-13 14:36:31', 'Дауны', 9, 'Алексей ', '+79956577170', 'avp73@bk.ru'),
(6776, 688, '2022-01-13 15:15:09', 'Та самая команда ', 9, 'Натали ', '89151174280', 'nota-rich@mail.ru'),
(6777, 688, '2022-01-13 15:29:45', 'Стасурики', 4, 'Анастасия', '89168406166', 'uljanova-nastya@mail.ru'),
(6778, 690, '2022-01-13 22:08:53', 'Ключевой', 8, 'Алина', '89151195531', 'viktorya1311@mail.ru'),
(6779, 690, '2022-01-13 22:17:03', 'Ключевой', 8, 'Алина', '89151195531', 'viktorya1311@mail.ru'),
(6780, 688, '2022-01-16 11:12:40', 'Ok Google ', 8, 'Ульянова Юлия ', '89160586276', 'hadzuki.gorshkova@yandex.ru'),
(6781, 688, '2022-01-16 14:32:18', 'моМент ', 2, 'Ксения', '89164319153', 'ysyj91911@rambler.ru'),
(6782, 688, '2022-01-16 14:38:11', 'моМент', 2, 'Ксения', '89164319153', 'ysyj91911@rambler.ru'),
(6783, 690, '2022-01-17 15:03:52', 'Юноу', 9, 'Анна', '+7 (925) 061-87-76', 'eifikk@mail.ru'),
(6784, 691, '2022-01-17 15:04:02', 'Юноу', 9, 'Анна', '+7 (925) 061-87-76', 'eifikk@mail.ru'),
(6785, 691, '2022-01-17 21:57:10', 'СамоРез ', 6, 'Натали Заусалина', '89852413017', 'zausalinatali@mail.ru'),
(6786, 690, '2022-01-18 13:19:08', 'Ели собрали', 6, 'Юлия', '79857891227', 'kozulechka_90@mail.ru'),
(6787, 692, '2022-01-18 18:00:10', 'StupKash', 9, 'Дмитрий', '89261374103', 'and1_k@mail.ru'),
(6788, 692, '2022-01-18 18:00:21', 'Пора по барам', 7, 'Ксю', '89261495056', 'ksulubikotov@yandex.ru'),
(6789, 692, '2022-01-18 18:00:35', 'до лампочки ', 7, 'Настя', '89164582366', 'ahvoshinskaya@yandex.ru'),
(6790, 692, '2022-01-18 18:00:36', 'Машкины мурашки на субботу перенести', 6, 'Мария', '89160708503', 'montana_06@list.ru'),
(6791, 692, '2022-01-18 18:00:37', 'Машкины мурашки на субботу перенести', 6, 'Мария', '89160708503', 'montana_06@list.ru'),
(6792, 692, '2022-01-18 18:00:43', 'Turbo', 9, 'Ирина', '8-916-051-42-93', 'trofimova-i@inbox.ru'),
(6793, 692, '2022-01-18 18:00:43', 'Turbo', 9, 'Ирина', '8-916-051-42-93', 'trofimova-i@inbox.ru'),
(6794, 692, '2022-01-18 18:00:48', 'QueenZ ', 9, 'Ольга', '89197718774', 'olga_papusha@mail.ru'),
(6795, 692, '2022-01-18 18:01:33', 'Антитела ', 9, 'Светлана', '89031906144', 'imaeva.s@mail.ru'),
(6796, 692, '2022-01-18 18:01:36', 'Машкины мурашки', 6, 'Мария', '89160708503', 'montana_06@list.ru'),
(6797, 692, '2022-01-18 18:01:37', 'Машкины мурашки', 6, 'Мария', '89160708503', 'montana_06@list.ru'),
(6798, 692, '2022-01-18 18:02:59', '9 вал', 7, 'Порошина Мария', '89199700880', 'poroshina-mari@inbox.ru'),
(6799, 692, '2022-01-18 18:03:00', '9 вал', 7, 'Порошина Мария', '89199700880', 'poroshina-mari@inbox.ru'),
(6800, 692, '2022-01-18 18:05:45', 'Варварики', 8, 'Алексей', '+79257814560', 'jo1985@mail.ru'),
(6801, 688, '2022-01-18 18:19:55', 'Арктик Оушен (а не Атлантик)', 6, 'Александр ', '+79858717894', 'zakota.e@yandex.ru'),
(6802, 692, '2022-01-18 18:21:18', 'Разные люди ', 9, 'Сергей ', '89166127569', 'walerijalins@gmail.com'),
(6803, 692, '2022-01-18 18:24:40', 'Антананариву ', 9, 'Марина', '89774866992', 'm_kartinka@mail.ru'),
(6804, 692, '2022-01-18 18:33:23', 'Союз разных публик', 9, 'Каролина Линник', '89857875735', 'golddigger40@gmail.com'),
(6805, 690, '2022-01-18 19:37:00', 'Сота', 4, 'Александр', '89152305436', 'tane4ka311@mail.ru'),
(6806, 692, '2022-01-18 22:47:43', 'Бегемот на проводах', 6, 'Александр', '89168262073', 'zero_09@mail.ru'),
(6807, 692, '2022-01-18 22:56:24', 'Умным тут не место', 6, 'Дарья', '89013400346', 'dariaermakova4748@gmail.com'),
(6808, 688, '2022-01-19 08:21:23', 'Рублики ', 7, 'Татьяна', '89154315686', 'olga.k2017@inbox.ru'),
(6809, 688, '2022-01-19 21:35:09', 'Клан Сапранова', 9, 'Зайцев Андрей', '89932293949', 'plutomsk@gmail.com'),
(6810, 688, '2022-01-24 11:14:04', 'Стасурики', 4, 'Анастасия', '89168406166', 'uljanova-nastys@mail.ru'),
(6811, 688, '2022-01-24 13:53:59', 'Конфетитьки', 8, 'Осипов Егор ', '89998045166', 'vozrech@gmail.com'),
(6812, 688, '2022-01-24 19:56:21', 'За любой кипиш', 6, 'Наталья', '89104940881', 'bsn_80@mail.ru'),
(6813, 693, '2022-01-26 18:00:11', 'StupKash(суббота)', 9, 'Дмитрий', '89261374103', 'and1_k@mail.ru'),
(6814, 693, '2022-01-26 18:00:19', 'Дети капитана Браннигана', 5, 'Евгений', '89057155120', 'ronkar13@gmail.com'),
(6815, 694, '2022-01-26 18:00:19', 'Машкины мурашки', 8, 'Мария', '89160708503', 'montana_06@list.ru'),
(6816, 694, '2022-01-26 18:00:20', 'Машкины мурашки', 8, 'Мария', '89160708503', 'montana_06@list.ru'),
(6817, 693, '2022-01-26 18:00:25', 'Вспомнить всё!', 6, 'Евгения', '89152718994', 'evgeniya.bel@mail.ru'),
(6818, 694, '2022-01-26 18:00:26', '5642m', 9, 'Дмитрий', '89055093719', 'udv8@ya.ru'),
(6819, 694, '2022-01-26 18:00:29', 'Hakuna Matata ', 9, 'Ирина Иноземцева ', '89264102692', 'benedai@mail.ru'),
(6820, 695, '2022-01-26 18:00:32', 'С Блэк Джеком ', 8, 'Наташа Храмова ', '89853548444', 'n.hramova@bk.ru'),
(6821, 693, '2022-01-26 18:00:32', 'Нетуттобыло ', 2, 'Оксана', '89161772033', 'Ladyfoxyfan@yandex.ru'),
(6822, 693, '2022-01-26 18:00:33', 'Нетуттобыло ', 2, 'Оксана', '89161772033', 'Ladyfoxyfan@yandex.ru'),
(6823, 695, '2022-01-26 18:00:36', 'Community ', 9, 'Kate ', '9166583748', 'bloodhammer2007@yandex.ru'),
(6824, 694, '2022-01-26 18:00:37', 'Всем ПитьЗдесь ', 9, 'Сухова ', '89265858743', 'natiffa@rambler.ru'),
(6825, 693, '2022-01-26 18:00:37', 'Камера обскура', 8, 'Алена', '89857372800', 'alenochka1903@rambler.ru'),
(6826, 693, '2022-01-26 18:00:38', 'Камера обскура', 8, 'Алена', '89857372800', 'alenochka1903@rambler.ru'),
(6827, 693, '2022-01-26 18:00:38', 'Тапочки Эйнштейна', 3, 'Елена', '+79852534939', 'flame57@mail.ru'),
(6828, 693, '2022-01-26 18:00:40', 'до лампочки ', 7, 'Настя', '89164582366', 'ahvoshinskaya@yandex.ru'),
(6829, 694, '2022-01-26 18:00:40', 'Проигрыватель ', 6, 'Анна Солдатова ', '9154552279', 'popova-anna@inbox.ru'),
(6830, 694, '2022-01-26 18:00:41', 'Чипсы', 9, 'Дмитрий ', '89851677573', 'dmitry.popov77@gmail.com'),
(6831, 694, '2022-01-26 18:00:42', 'Чипсы', 9, 'Дмитрий ', '89851677573', 'dmitry.popov77@gmail.com'),
(6832, 694, '2022-01-26 18:00:42', 'Антитела ', 5, 'Светлана', '89031906144', 'imarva.s@mail.ru'),
(6833, 694, '2022-01-26 18:00:42', 'Сталину на вас лень', 8, 'Алена', '89264084348', 'makalenyshka@gmail.com'),
(6834, 694, '2022-01-26 18:00:42', 'Три пишем два в уме (сб!)', 7, 'Юлия', '89169813382', 'vkashire@gmail.com'),
(6835, 695, '2022-01-26 18:00:46', 'ISKATELI', 9, 'Vvv', '9104524451', 'vasilyevvladimir@mail.ru'),
(6836, 693, '2022-01-26 18:00:50', 'Рамамба Хара Мамбуру', 9, 'Влад', '89670928241', 'd3skort@gmail.com'),
(6837, 694, '2022-01-26 18:00:55', 'Turbo', 9, 'Ирина', '8-916-051-42-93', 'trofimova-i@inbox.ru'),
(6838, 694, '2022-01-26 18:00:55', 'Шуба дуба', 9, 'Алексей', '89161528463', 'minaichikpodlay@gmail.com'),
(6839, 693, '2022-01-26 18:00:56', 'Без паники', 9, 'Отдельнова Ольга (сб)', '9856472166', 'Olgaotdelnova@mail.ru'),
(6840, 695, '2022-01-26 18:00:57', 'Пора по барам (сб)', 7, 'Ксю', '89261495056', 'ksulubikotov@yandex.ru'),
(6841, 695, '2022-01-26 18:01:07', 'Кто во что Тарас ', 9, 'Дмитрий', '+79055653249', 'kentavrevil@mail.ru'),
(6842, 694, '2022-01-26 18:01:15', 'Нам всё покер', 8, 'Алексей Неволин', '89166484280', 'strangis@yandex.ru'),
(6843, 694, '2022-01-26 18:01:16', 'Нам всё покер', 8, 'Алексей Неволин', '89166484280', 'strangis@yandex.ru'),
(6844, 694, '2022-01-26 18:01:16', 'Кулебяка суббота', 9, 'Александра', '89153863281', 'ostankino.matovykh@yandex.ru'),
(6845, 694, '2022-01-26 18:01:32', '9 вал', 6, 'Порошина Мария', '89199700880', 'poroshina-mari@inbox.ru'),
(6846, 694, '2022-01-26 18:01:33', '9 вал', 6, 'Порошина Мария', '89199700880', 'poroshina-mari@inbox.ru'),
(6847, 694, '2022-01-26 18:01:49', 'Лепреконы', 8, 'Марина', '+79269419496', 'malyutinamy83@yandex.ru'),
(6848, 694, '2022-01-26 18:02:30', 'Союз разных публик', 9, 'Каролина Линник', '89857875735', 'golddigger40@gmail.com'),
(6849, 694, '2022-01-26 18:04:51', 'Тряхни нормальность ', 9, 'Ольга', '89858189209', 'lelya09@gmail.com'),
(6850, 694, '2022-01-26 18:04:51', 'Тряхни нормальность ', 9, 'Ольга', '89858189209', 'lelya09@gmail.com'),
(6851, 694, '2022-01-26 18:05:25', 'Optimus_прям', 8, 'Нина Борисова', '+7 977 179-86-09', '123@mail.ru'),
(6852, 694, '2022-01-26 18:05:54', 'VSE SVOI (сб)', 9, 'Ольунька', '89999748044', 'olgunka91@mail.ru'),
(6853, 694, '2022-01-26 18:06:50', 'Сталину на вас лень', 8, 'Алена', '89264084348', 'makalenyshka@gmail.com'),
(6854, 694, '2022-01-26 18:07:29', 'Optimys', 9, 'Деханова ', '89771798609', 'ninok1982@mail.ru'),
(6855, 694, '2022-01-26 18:07:57', 'ОПГ ромашка ', 9, 'Трубникова ', '89168306532', 'yula_stup@mail.ru'),
(6856, 694, '2022-01-26 18:07:58', 'ОПГ ромашка ', 9, 'Трубникова ', '89168306532', 'yula_stup@mail.ru'),
(6857, 693, '2022-01-26 18:08:06', 'Пока так', 9, 'Фролова Елена ', '+79152913881', 'froluwa82@yandex.ru'),
(6858, 693, '2022-01-26 18:08:29', 'Яков Robinson ', 9, 'Антон Питерцев ', '89165619047', 'pitertceva89@mail.ru'),
(6859, 694, '2022-01-26 18:08:51', 'Варварики сб', 8, 'Алексей', '+79257814560', 'jo1985@mail.ru'),
(6860, 693, '2022-01-26 18:08:51', 'не фонтан', 5, 'Марина Волкова', '+79104428077', 'mismihnevo@rambler.ru'),
(6861, 693, '2022-01-26 18:09:19', 'QueenZ (суббота)', 9, 'Ольга', '89197718774', 'olga_papusha@mail.ru'),
(6862, 693, '2022-01-26 18:10:01', 'На позипиве сб', 8, 'Кулинцева Екатерина', '89251950377', 'katerina_0404@mail.ru'),
(6863, 694, '2022-01-26 18:12:29', 'What is it ', 9, 'Пономарёва Ирина ', '89858079890', 'dakotasex@mail.ru'),
(6864, 694, '2022-01-26 18:12:30', 'What is it ', 9, 'Пономарёва Ирина ', '89858079890', 'dakotasex@mail.ru'),
(6865, 694, '2022-01-26 18:14:17', 'Ни*1Тесла', 5, 'Екатерина', '89169570662', 'skvaka@mail.ru'),
(6866, 694, '2022-01-26 18:15:56', 'пЭрсики', 4, 'Сюзанна ', '+7 (916) 063-87-18', 'maria.balyaeva@gmail.com'),
(6867, 693, '2022-01-26 18:16:08', 'Экскльсиор ', 8, 'Анна Брыксина', '89161617962', 'bryksina.a@inbox.ru'),
(6868, 693, '2022-01-26 18:16:09', 'Экскльсиор ', 8, 'Анна Брыксина', '89161617962', 'bryksina.a@inbox.ru'),
(6869, 695, '2022-01-26 18:16:39', 'Играй, гормон!', 7, 'Маруся', '89263039417', 'ovsyamar@mail.ru'),
(6870, 695, '2022-01-26 18:16:49', 'Имею скафандр-готов путешествовать', 6, 'Кирюхина Елена', '+79165716683', 'kirlena@inbox.ru'),
(6871, 695, '2022-01-26 18:18:12', 'Ошиблись дверью ', 6, 'Денис', '89647913139', 'privlili@mail.ru'),
(6872, 695, '2022-01-26 18:18:25', 'Святые негодники ', 9, 'Мармулев Александр ', '89150612122', 'marmulev96@mail.ru'),
(6873, 695, '2022-01-26 18:20:15', 'Adimas44 ', 6, 'Dmitry ', '89150483213', 'aspirant82@mail.ru'),
(6874, 695, '2022-01-26 18:20:16', 'Adimas44 ', 6, 'Dmitry ', '89150483213', 'aspirant82@mail.ru'),
(6875, 693, '2022-01-26 18:20:38', 'Не придумали', 9, 'Яна', '89250353753', 'horoshayayana@mail.ru'),
(6876, 693, '2022-01-26 18:20:39', 'Не придумали', 9, 'Яна', '89250353753', 'horoshayayana@mail.ru'),
(6877, 695, '2022-01-26 18:23:16', 'Квизда ', 9, 'Мария Егорова ', '+7 999 830-82-93', 'zianwater@mail.ru'),
(6878, 693, '2022-01-26 18:24:07', 'What is it ', 9, 'Пономарёва Ирина', '89858079890', 'dakotasex@mail.ru'),
(6879, 693, '2022-01-26 18:24:08', 'What is it ', 9, 'Пономарёва Ирина', '89858079890', 'dakotasex@mail.ru'),
(6880, 695, '2022-01-26 18:24:25', 'Не вБилл Шифр', 9, 'Иван', '89163629954', 'lancknext@mail.ru'),
(6881, 694, '2022-01-26 18:25:22', 'Профитроли', 6, 'Анна', '89164711680', 'chizhikova-a@inbox.ru'),
(6882, 694, '2022-01-26 18:28:15', 'Рожденные в СССР', 8, 'Максим', '89265741847', 'alekseev.kmk@yandex.ru'),
(6883, 695, '2022-01-26 18:30:05', 'QiuzDa', 9, 'Мария Егорова ', '89998308293', 'irina_egorova1984@mail.ru'),
(6884, 693, '2022-01-26 18:30:16', 'Рожденные в СССР', 8, 'Максим', '89265741847', 'alekseev.kmk@yandex.ru'),
(6885, 693, '2022-01-26 18:32:19', 'Серпом по логике', 9, 'Ольга ', '89096220139', 'olgam90@mail.ru'),
(6886, 693, '2022-01-26 18:32:20', 'Серпом по логике', 9, 'Ольга ', '89096220139', 'olgam90@mail.ru'),
(6887, 695, '2022-01-26 18:35:02', 'Особи', 9, 'Александра', '89153120030', 'alexandrakorolko9@gmail.com'),
(6888, 695, '2022-01-26 18:38:15', 'Диванные Эксперты', 9, 'Родион', '89266390891', 'rodionmaksimenko@yandex.ru'),
(6889, 696, '2022-01-26 18:39:19', 'Ok Google ', 7, 'Ульянова Юлия ', '89160586276', 'hadzuki.gorshkova@yandex.ru'),
(6890, 695, '2022-01-26 18:41:05', 'Антананариву (суббота)', 9, 'Марина', '89772567369', 'm-esman@yandex.ru'),
(6891, 695, '2022-01-26 18:41:07', 'Антананариву (суббота)', 9, 'Марина', '89772567369', 'm-esman@yandex.ru'),
(6892, 695, '2022-01-26 18:50:05', 'Физкультура ', 9, 'Катя', '89252246122', 'm_ishina@bk.ru'),
(6893, 694, '2022-01-26 18:52:18', 'Коляска Хокинга( сб) ', 8, 'Юлия ', '89162052440', 'j.romanenko@live.ru'),
(6894, 694, '2022-01-26 18:52:26', 'Юноу', 9, 'Анна', '89250618776', 'eifikk@mail.ru'),
(6895, 694, '2022-01-26 18:52:47', '«ПЯТЬ-ДЕСЯТЬ ПЯТОГО.4-5»', 7, 'Ирина', '89168015063', 'irinka-stupino96@mail.ru'),
(6896, 695, '2022-01-26 18:52:47', 'Бац', 6, 'Раиса', '89855554944', 'ragorixova@mail.ru'),
(6897, 695, '2022-01-26 19:02:05', 'СамоРез', 6, 'Наталия Заусалина', '89852413017', 'zausalinatali@mail.ru'),
(6898, 693, '2022-01-26 19:03:57', 'Need for spirt', 9, 'Masha', '89031905406', 'mashachurkina27@mail.ru'),
(6899, 693, '2022-01-26 19:08:47', 'Мы так и знали, что суббота!', 9, 'Катенька Швычкова', '89169092387', 'shvch95@mail.ru'),
(6900, 696, '2022-01-26 19:15:05', 'In_vino_veritas', 5, 'Анна', '89154701011', 'anetik8907@mail.ru'),
(6901, 695, '2022-01-26 19:26:09', 'Квартет Шредингера', 4, 'Наде', '89299107871', 'trinity_demon@mail.ru'),
(6902, 693, '2022-01-26 19:48:57', 'ЛЕпучий случай ', 9, 'Раевский ', '9197775665', 'raev.vlad@mail.ru'),
(6903, 693, '2022-01-26 19:56:24', 'Можно подумать (сб)', 7, 'Ян', '89263409706', 'ichilloff@gmail.com'),
(6904, 696, '2022-01-26 20:13:12', 'Интеллектуальная собственность', 7, 'Илья', '+79154558189', 'ilya.neverov83@gmail.com'),
(6905, 693, '2022-01-26 20:41:22', 'Волк и 7 тупят', 8, 'Лена', '+79263030366', 'helen23061@gmail.com'),
(6906, 696, '2022-01-26 20:55:50', 'Эйс Вентура ', 9, 'Олег', '9165069223', 'oleg.bebinov@gmail.com'),
(6907, 696, '2022-01-26 20:55:51', 'Эйс Вентура ', 9, 'Олег', '9165069223', 'oleg.bebinov@gmail.com'),
(6908, 697, '2022-01-26 21:46:06', 'Междустрочный ', 5, 'Анастасия', '89688239725', 'sagarsladky@mail.ru'),
(6909, 695, '2022-01-26 21:53:11', 'Разные люди ', 9, 'Сергей ', '89166127569', 'walerijalins@gmail.com'),
(6910, 693, '2022-01-26 22:02:00', 'Коляска хокинга', 9, 'Юля', '89030171005', 'kostomarovaaa@mail.ru'),
(6911, 697, '2022-01-26 22:56:09', 'до лампочки ', 7, 'Настя', '89164582366', 'ahvoshinskaya@yandex.ru'),
(6912, 696, '2022-01-27 08:36:25', 'Надежды нет ', 8, 'Света ', '89163742210', 'lisina3012@mail.ru'),
(6913, 696, '2022-01-27 16:59:04', 'Конфетитьки', 8, 'Арина Фомина', '+79175221811', 'arifom@outlook.com'),
(6914, 696, '2022-01-27 22:20:56', 'Унаги', 5, 'Ирина', '89251998517', 'iri6kalidinec@maol.ru'),
(6915, 696, '2022-01-28 10:31:25', 'Арктик Оушен (а не Атлантик)', 8, 'Екатерина ', '+79858717894', 'zakota.e@yandex.ru'),
(6916, 693, '2022-01-28 11:01:05', 'Здесьвамнетут', 5, 'Михаил', '89151773861', 'e-rakityanskaya@yandex.ru'),
(6917, 696, '2022-01-28 20:41:10', 'ООО Грибочки', 9, 'Евгений Быков', '+7 (915) 302-60-15', 'eugeniy.bykov@yandex.ru'),
(6918, 696, '2022-01-28 21:08:45', 'ООО НЛИ Ю', 8, 'Лариса', '89175595910', 'lori.m77@mail.ru'),
(6919, 696, '2022-01-28 21:08:47', 'ООО НЛИ Ю', 8, 'Лариса', '89175595910', 'lori.m77@mail.ru');

-- --------------------------------------------------------

--
-- Структура таблицы `setting`
--

CREATE TABLE `setting` (
  `id` int(11) NOT NULL,
  `name` varchar(100) NOT NULL,
  `prefix` varchar(50) NOT NULL,
  `type` varchar(10) NOT NULL,
  `value` varchar(100) NOT NULL
) ENGINE=MyISAM DEFAULT CHARSET=utf8;

--
-- Дамп данных таблицы `setting`
--

INSERT INTO `setting` (`id`, `name`, `prefix`, `type`, `value`) VALUES
(1, 'Номер контактного телефона', 'PHONE', 'string', '8-916-451-44-81'),
(2, 'Контактный Email', 'EMAIL', 'string', 'info@letsquiz.ru'),
(3, 'Количество игр для отображения', 'GAME_TAKE', 'int', '21'),
(4, 'Скрыть раздел \"Отзывы\"', 'HIDE_FEEDBACK', 'bool', 'false'),
(5, 'Скрыть раздел \"Галерея\"', 'HIDE_GALLERY', 'bool', 'false'),
(6, 'Скрыть раздел \"Друзья\"', 'HIDE_FRIENDS', 'bool', 'false'),
(7, 'Скрыть раздел \"Корпоративы\"', 'HIDE_CORP', 'bool', 'true'),
(8, 'Скрыть раздел \"Главная\"', 'HIDE_MAIN', 'bool', 'false'),
(9, 'Скрыть раздел \"Правила\"', 'HIDE_TERMS', 'bool', 'false'),
(10, 'Закрывать регистрацию за N часов до начала игры', 'GAME_CLOSE', 'int', '0'),
(11, 'Скрыть раздел \"Расписание\"', 'HIDE_SCHEDULE', 'bool', 'false'),
(12, 'Стоимость игры по умолчанию', 'DEFAULT_GAME_PRICE', 'string', '300 руб/чел'),
(13, 'Номер версии системы', 'SYSTEM_VERSION_NUMBER', 'string', 'v1.4');

-- --------------------------------------------------------

--
-- Структура таблицы `user`
--

CREATE TABLE `user` (
  `id` int(11) NOT NULL,
  `name` varchar(50) NOT NULL,
  `pass` varchar(100) NOT NULL,
  `is_locked` tinyint(1) NOT NULL DEFAULT '0'
) ENGINE=MyISAM DEFAULT CHARSET=utf8;

--
-- Дамп данных таблицы `user`
--

INSERT INTO `user` (`id`, `name`, `pass`, `is_locked`) VALUES
(1, 'admin', '*027011E607535B7EC88190C1299032C3AF63CF53', 0);

--
-- Индексы сохранённых таблиц
--

--
-- Индексы таблицы `address`
--
ALTER TABLE `address`
  ADD PRIMARY KEY (`id`);

--
-- Индексы таблицы `city`
--
ALTER TABLE `city`
  ADD PRIMARY KEY (`id`);

--
-- Индексы таблицы `color`
--
ALTER TABLE `color`
  ADD PRIMARY KEY (`id`);

--
-- Индексы таблицы `feedback`
--
ALTER TABLE `feedback`
  ADD PRIMARY KEY (`id`);

--
-- Индексы таблицы `game`
--
ALTER TABLE `game`
  ADD PRIMARY KEY (`id`);

--
-- Индексы таблицы `notify`
--
ALTER TABLE `notify`
  ADD PRIMARY KEY (`id`);

--
-- Индексы таблицы `photo`
--
ALTER TABLE `photo`
  ADD PRIMARY KEY (`id`);

--
-- Индексы таблицы `question`
--
ALTER TABLE `question`
  ADD PRIMARY KEY (`id`);

--
-- Индексы таблицы `registration`
--
ALTER TABLE `registration`
  ADD PRIMARY KEY (`id`);

--
-- Индексы таблицы `setting`
--
ALTER TABLE `setting`
  ADD PRIMARY KEY (`id`);

--
-- Индексы таблицы `user`
--
ALTER TABLE `user`
  ADD PRIMARY KEY (`id`);

--
-- AUTO_INCREMENT для сохранённых таблиц
--

--
-- AUTO_INCREMENT для таблицы `address`
--
ALTER TABLE `address`
  MODIFY `id` int(11) NOT NULL AUTO_INCREMENT, AUTO_INCREMENT=7;

--
-- AUTO_INCREMENT для таблицы `city`
--
ALTER TABLE `city`
  MODIFY `id` int(11) NOT NULL AUTO_INCREMENT, AUTO_INCREMENT=8;

--
-- AUTO_INCREMENT для таблицы `color`
--
ALTER TABLE `color`
  MODIFY `id` int(11) NOT NULL AUTO_INCREMENT, AUTO_INCREMENT=5;

--
-- AUTO_INCREMENT для таблицы `feedback`
--
ALTER TABLE `feedback`
  MODIFY `id` int(11) NOT NULL AUTO_INCREMENT, AUTO_INCREMENT=16;

--
-- AUTO_INCREMENT для таблицы `game`
--
ALTER TABLE `game`
  MODIFY `id` int(11) NOT NULL AUTO_INCREMENT, AUTO_INCREMENT=698;

--
-- AUTO_INCREMENT для таблицы `notify`
--
ALTER TABLE `notify`
  MODIFY `id` int(11) NOT NULL AUTO_INCREMENT, AUTO_INCREMENT=5;

--
-- AUTO_INCREMENT для таблицы `photo`
--
ALTER TABLE `photo`
  MODIFY `id` int(11) NOT NULL AUTO_INCREMENT, AUTO_INCREMENT=59;

--
-- AUTO_INCREMENT для таблицы `question`
--
ALTER TABLE `question`
  MODIFY `id` int(11) NOT NULL AUTO_INCREMENT, AUTO_INCREMENT=8;

--
-- AUTO_INCREMENT для таблицы `registration`
--
ALTER TABLE `registration`
  MODIFY `id` int(11) NOT NULL AUTO_INCREMENT, AUTO_INCREMENT=6920;

--
-- AUTO_INCREMENT для таблицы `setting`
--
ALTER TABLE `setting`
  MODIFY `id` int(11) NOT NULL AUTO_INCREMENT, AUTO_INCREMENT=14;

--
-- AUTO_INCREMENT для таблицы `user`
--
ALTER TABLE `user`
  MODIFY `id` int(11) NOT NULL AUTO_INCREMENT, AUTO_INCREMENT=2;
COMMIT;

/*!40101 SET CHARACTER_SET_CLIENT=@OLD_CHARACTER_SET_CLIENT */;
/*!40101 SET CHARACTER_SET_RESULTS=@OLD_CHARACTER_SET_RESULTS */;
/*!40101 SET COLLATION_CONNECTION=@OLD_COLLATION_CONNECTION */;
