-- phpMyAdmin SQL Dump
-- version 5.0.2
-- https://www.phpmyadmin.net/
--
-- Хост: localhost
-- Время создания: Апр 02 2020 г., 19:51
-- Версия сервера: 5.6.37-82.2
-- Версия PHP: 7.1.33

SET SQL_MODE = "NO_AUTO_VALUE_ON_ZERO";
START TRANSACTION;
SET time_zone = "+00:00";


/*!40101 SET @OLD_CHARACTER_SET_CLIENT=@@CHARACTER_SET_CLIENT */;
/*!40101 SET @OLD_CHARACTER_SET_RESULTS=@@CHARACTER_SET_RESULTS */;
/*!40101 SET @OLD_COLLATION_CONNECTION=@@COLLATION_CONNECTION */;
/*!40101 SET NAMES utf8mb4 */;

--
-- База данных: `letsquiz_db`
--

-- --------------------------------------------------------

--
-- Структура таблицы `address`
--

CREATE TABLE `address` (
  `id` int(11) NOT NULL,
  `description` varchar(250) NOT NULL,
  `city_id` int(11) NOT NULL
) ENGINE=InnoDB DEFAULT CHARSET=utf8;

--
-- Дамп данных таблицы `address`
--

INSERT INTO `address` (`id`, `description`, `city_id`) VALUES
(1, 'Клуб-ресторан-караоке \"Shizgara\" (Проспект победы, 71)', 1),
(2, 'Гриль-бар \"МЯСО И УГЛИ\" (ул. Гагарина, 68)', 2),
(4, 'KVARTAL Lounge (ул. Куликовская, 5)', 4),
(5, 'Караоке-клуб \"Мёд\" (Каширское шоссе, 107)', 5),
(6, 'Ресторан \"УСТРИЦЫ & ТАНЦЫ\" (ТРЦ Премьер, этаж 2)', 6);

-- --------------------------------------------------------

--
-- Структура таблицы `city`
--

CREATE TABLE `city` (
  `id` int(11) NOT NULL,
  `name` varchar(50) NOT NULL,
  `order` int(11) DEFAULT NULL
) ENGINE=InnoDB DEFAULT CHARSET=utf8;

--
-- Дамп данных таблицы `city`
--

INSERT INTO `city` (`id`, `name`, `order`) VALUES
(1, 'Ступино', 4),
(2, 'Коломна', 5),
(4, 'Москва', 7),
(5, 'Домодедово', 8),
(6, 'Рязань', 9),
(7, 'Онлайн', 1);

-- --------------------------------------------------------

--
-- Структура таблицы `color`
--

CREATE TABLE `color` (
  `id` int(11) NOT NULL,
  `name` varchar(50) NOT NULL,
  `prefix` varchar(50) NOT NULL
) ENGINE=InnoDB DEFAULT CHARSET=utf8;

--
-- Дамп данных таблицы `color`
--

INSERT INTO `color` (`id`, `name`, `prefix`) VALUES
(1, 'Зеленый', 'green'),
(2, 'Синий', 'blue'),
(3, 'Красный', 'red'),
(4, 'Желный', 'yellow');

-- --------------------------------------------------------

--
-- Структура таблицы `feedback`
--

CREATE TABLE `feedback` (
  `id` int(11) NOT NULL,
  `order` int(11) DEFAULT NULL,
  `text` text NOT NULL,
  `author` varchar(100) NOT NULL
) ENGINE=InnoDB DEFAULT CHARSET=utf8;

--
-- Дамп данных таблицы `feedback`
--

INSERT INTO `feedback` (`id`, `order`, `text`, `author`) VALUES
(1, 1, 'Заразилась. Нереально круто! Отлично провели время. Подумали, посмеялись, пообщались. В новом сезоне будем новой командой \"экоЛогика\" зажигать!', 'katrina_shubina'),
(2, 2, 'Да, душевно и интерактивно, элемент свадебного интерактива поразил!!! Узнать трек, и тд + гифки на экране... В общем, не хочу повторяться, но это очень круто! Спасибо огромное!', 'Алёна'),
(3, 3, 'Мы молодцы! Все молодцы! Было круто круто! Почему я раньше не знала о вас, ребята?', 'varvalola'),
(5, 5, 'Закончился второй сезон барных викторин Let\'s КВИЗ! Это была чреда крутых выходных с чумовыми вопросами, шумом, классными ребятами и Shizgara! Те, кто участвовал, знают, о чем речь =) Остальные, скорее присоединяйтесь, регистрируйтесь на игры нового сезона! Для этого нужно найти компанию 2-9 человек и оставить заявку. Спасибо, Let\'s КВИЗ за офигенный сезон! Ждем продолжения (с нетерпением)', 'mosigrastupino'),
(6, 6, 'Роман, Алина, спасибо большое вам и всем кто за кадром :) супер, что вы организовали игру, которая приносит столько эмоций, новых друзей и кругозор расширяет :)', 'Алёна'),
(7, NULL, 'С летс Квиз мы почти с самого начала ', 'Екатерина'),
(8, NULL, 'Очень, очень, очень нравится с Вами проводить воскресный вечер! Весело, познавательно, к тому же есть возможность выиграть призы. Да что призы, наша цель всегда одна - ТОРТ! Спасибо Вам! Никогда не бывает скучно. Даже наоборот. Квиз - это реальная возможность после рабочей недели встретиться всем за игральным столом, посмеяться, поспорить, пофотографироваться, выиграть крутейшие призы и просто хорошо провести время.', 'Валерия Карева'),
(9, NULL, 'Ребята, огромное вам спасибо, играем всей семьей , втянули всех друзей, хотя сами влились не так давно, дали начало еще двум командам и сейчас еще одна формируется. Я приглашаю всех своих знакомых из разных сфер и они цепляются, нам уже тесно в одной команде, теперь мы играем против своих, но это же очень интересно. КВИЗ сумел объединить не только команды, но и семьи, и людей очень разных возрастов. Мы ждем воскресный вечер с Алиной. Алина и Роман спасибо!', 'Любовь Самойлова'),
(10, NULL, 'В #летсквиз мне нравится все! Шутки и стиль общения Алины во время игры, серьезность и перфекционизм Романа, наша команда, эмоции, которые мы переживаем в игре и после), около 400 единомышленников, которые каждое воскресенье выбирают интеллектуальный отдых! Все нравится мне, идеальный проект и прекрасные люди❤', 'Светлана Кудинова'),
(11, NULL, 'Я каждый раз отправляясь на очередную игру квиз думаю что же в ней такого? А ответ прост - квиз дает нам возможность отдохнуть, встряхнуть извилины, поскрипеть мозгами...Море эмоций, охрипший голос и заряд энергии на целую неделю. А также прекрасная ведущая и крутая команда за кадром. Алина - ты наверное главная составляющая квиза. Нам есть с чем сравнить. Вот все есть - и подача, и интрига, и стиль. Рома - ты супер! И никаких ребусов с \"тли\"... Ступинский квиз - это круто!', 'Марина Сухарева'),
(12, NULL, 'Моя квизомания началась почти два года назад и до сих пор каждую игру я жду с трепетом и предвкушением эмоциональных американских горок! Чувствуешь себя словно в параллельной вселенной - сейчас тебе пощекотят нервишки, да ещё и заснимут это для истории.\nРебята, спасибо вам за те эмоции, которые вы нам всем дарите. Спасибо за ваш профессиональный подход к каждой игре - ведь все продуманно до мелочей, на самом высоком уровне. Вы лучшие!', 'Катерина Раевская'),
(13, NULL, 'Благодаря вам я стал запоминать всякую информацию, которая мне попадается, точнее и детальнее. Потому что - а вдруг спросят на Квизе)). И все «запылённые полки» памяти, которые казались никому ненужными, вдруг оказываются актуальными и приносят заветный бал в копилку команды.\nСпасибо, что даёте такую возможность задействовать свою память и мозг. И потом радоваться результатам.\nМоё мнение - команда Летс Квиз делает для города больше, администрация и весь чиновничий аппарат(в плане развлечений конечно. По укладке бордюра администрация пока лидирует)\nА для детей вы делаете больше чем министерство министерство образования и просвещения. Потому что раньше они читали книжки просто так или вовсе не читали. А теперь читают, а всё почему? Потому что вдруг на Квизе спросят ', 'Аршак Амирзян');

-- --------------------------------------------------------

--
-- Структура таблицы `game`
--

CREATE TABLE `game` (
  `id` int(11) NOT NULL,
  `date` datetime NOT NULL,
  `name` varchar(50) NOT NULL,
  `city_id` int(11) NOT NULL,
  `is_closed` tinyint(1) NOT NULL,
  `color_id` int(11) DEFAULT NULL
) ENGINE=InnoDB DEFAULT CHARSET=utf8;

--
-- Дамп данных таблицы `game`
--

INSERT INTO `game` (`id`, `date`, `name`, `city_id`, `is_closed`, `color_id`) VALUES
(37, '2018-04-08 13:00:00', '26.1', 1, 0, NULL),
(38, '2018-04-08 16:15:00', '26.2', 1, 0, NULL),
(39, '2018-04-08 19:30:00', '26.3', 1, 0, NULL),
(40, '2018-04-09 19:30:00', '26.1', 2, 0, NULL),
(41, '2018-04-10 19:30:00', '26.2', 2, 0, NULL),
(42, '2018-04-22 13:00:00', '27.1', 1, 0, NULL),
(43, '2018-04-22 16:15:00', '27.2', 1, 0, NULL),
(44, '2018-04-22 19:30:00', '27.3', 1, 0, NULL),
(45, '2018-04-23 19:30:00', '27.1', 2, 0, NULL),
(46, '2018-04-24 19:30:00', '27.2', 2, 0, NULL),
(47, '2018-04-26 19:30:00', '27', 3, 0, NULL),
(48, '2018-05-06 13:00:00', '28.1', 1, 0, NULL),
(49, '2018-05-06 16:15:00', '28.2', 1, 0, NULL),
(50, '2018-05-06 19:30:00', '28.3', 1, 0, NULL),
(51, '2018-05-07 19:30:00', '28.1', 2, 0, NULL),
(52, '2018-05-08 19:30:00', '28.2', 2, 0, NULL),
(53, '2018-05-20 13:00:00', '29.1', 1, 0, NULL),
(54, '2018-05-20 16:15:00', '29.2', 1, 0, NULL),
(55, '2018-05-20 19:30:00', '29.3', 1, 0, NULL),
(57, '2018-05-22 19:30:00', '29.1', 2, 0, NULL),
(58, '2018-05-10 19:30:00', '28', 3, 0, NULL),
(59, '2018-06-02 21:00:00', 'Дозор', 1, 0, NULL),
(61, '2018-06-17 13:00:00', '30.1', 1, 0, NULL),
(63, '2018-06-17 16:15:00', '30.2', 1, 0, NULL),
(64, '2018-06-17 19:30:00', '30.3', 1, 0, NULL),
(65, '0000-00-00 00:00:00', 'Игра 30.1', 2, 0, NULL),
(66, '2018-06-18 19:30:00', '30.1', 2, 0, NULL),
(67, '2018-06-19 19:30:00', '30.2', 2, 0, NULL),
(68, '2018-07-01 13:00:00', '31.1', 1, 0, NULL),
(69, '2018-07-01 16:15:00', '31.2', 1, 0, NULL),
(70, '2018-07-01 19:30:00', '31.3', 1, 0, NULL),
(71, '2018-07-02 19:30:00', '31.1', 2, 0, NULL),
(72, '2018-07-03 19:30:00', '31.2', 2, 0, NULL),
(73, '2018-07-15 12:30:00', '3.1', 1, 0, NULL),
(74, '2018-07-15 15:00:00', '3.2', 1, 0, NULL),
(75, '2018-07-15 20:00:00', '3.3', 1, 0, NULL),
(76, '2018-07-29 15:00:00', '4.1', 1, 0, NULL),
(78, '2018-07-29 18:30:00', '4.2', 1, 0, NULL),
(80, '2018-07-16 19:30:00', '3', 2, 0, NULL),
(81, '2018-07-30 19:30:00', '4', 2, 0, NULL),
(82, '2018-08-04 20:30:00', 'Дозор N8', 1, 0, NULL),
(83, '2018-08-14 19:30:00', '5', 2, 0, NULL),
(84, '2018-08-28 19:30:00', '6', 2, 0, NULL),
(85, '2018-08-12 15:00:00', '5.1', 1, 0, NULL),
(86, '2018-08-12 18:30:00', '5.2', 1, 0, NULL),
(87, '2018-08-26 15:00:00', '6.1', 1, 0, NULL),
(88, '2018-08-26 18:30:00', '6.2', 1, 0, NULL),
(89, '2018-08-15 19:30:00', 'Мафия ', 1, 0, NULL),
(90, '2018-09-09 15:00:00', '7.1', 1, 0, NULL),
(91, '2018-09-09 18:30:00', '7.2', 1, 0, NULL),
(92, '2018-09-23 15:00:00', '8.1', 1, 0, NULL),
(93, '2018-09-23 18:30:00', '8.2', 1, 0, NULL),
(94, '2018-09-11 19:30:00', '7', 2, 0, NULL),
(95, '2018-09-25 19:30:00', '8', 2, 0, NULL),
(96, '2018-10-16 19:30:00', '1', 2, 0, NULL),
(97, '2018-10-30 19:30:00', '2', 2, 0, NULL),
(98, '2018-10-14 13:00:00', '1.1', 1, 0, NULL),
(99, '2018-10-14 16:15:00', '1.2', 1, 0, NULL),
(100, '2018-10-28 13:00:00', '2.1', 1, 0, NULL),
(101, '2018-10-28 16:15:00', '2.2', 1, 0, NULL),
(102, '2018-10-02 19:30:00', 'Мафия (Рег', 1, 0, NULL),
(103, '2018-10-14 19:30:00', '1.3', 1, 0, NULL),
(104, '2018-10-28 19:30:00', '2.3', 1, 0, NULL),
(105, '2018-11-13 19:30:00', '3', 2, 0, NULL),
(106, '2018-11-27 19:30:00', '4', 2, 0, NULL),
(107, '2018-11-25 19:30:00', '4.3', 1, 0, NULL),
(108, '2018-11-11 13:00:00', '3.1', 1, 0, NULL),
(109, '2018-11-11 16:15:00', '3.2', 1, 0, NULL),
(110, '2018-11-11 19:30:00', '3.3', 1, 0, NULL),
(111, '2018-11-25 13:00:00', '4.1', 1, 0, NULL),
(112, '2018-11-25 16:15:00', '4.2', 1, 0, NULL),
(113, '2018-12-10 19:30:00', '5', 2, 0, NULL),
(114, '2018-12-25 19:30:00', '6', 2, 0, NULL),
(115, '2018-12-09 13:00:00', '5.1', 1, 0, NULL),
(116, '2018-12-09 16:15:00', '5.2', 1, 0, NULL),
(117, '2018-12-09 19:30:00', '5.3', 1, 0, NULL),
(118, '2018-12-23 13:00:00', '6.1', 1, 0, NULL),
(119, '2018-12-23 16:15:00', '6.2', 1, 0, NULL),
(120, '2018-12-23 19:30:00', '6.3', 1, 0, NULL),
(121, '2019-01-08 19:30:00', 'Кино и муз', 2, 0, NULL),
(122, '2019-01-22 19:30:00', '7', 2, 0, NULL),
(123, '2019-01-06 13:00:00', 'Кино и муз', 1, 0, NULL),
(124, '2019-01-06 16:15:00', 'Кино и муз', 1, 0, NULL),
(125, '2019-01-06 19:30:00', 'Кино и муз', 1, 0, NULL),
(126, '2019-01-20 13:00:00', '7.1', 1, 0, NULL),
(127, '2019-01-20 16:15:00', '7.2', 1, 0, NULL),
(128, '2019-01-20 19:30:00', '7.3', 1, 0, NULL),
(129, '2019-02-05 19:30:00', '8', 2, 0, NULL),
(130, '2019-02-19 19:30:00', '1', 2, 0, NULL),
(131, '2019-02-10 15:00:00', 'Junior/1', 1, 0, NULL),
(132, '2019-02-03 13:00:00', '8.1', 1, 0, NULL),
(133, '2019-02-03 16:15:00', '8.2', 1, 0, NULL),
(134, '2019-02-03 19:30:00', '8.3', 1, 0, NULL),
(135, '2019-02-17 13:00:00', '1.1', 1, 0, NULL),
(136, '2019-02-17 16:15:00', '1.2', 1, 0, NULL),
(137, '2019-02-17 19:30:00', '1.3', 1, 0, NULL),
(139, '2019-02-10 18:00:00', 'Лига новичков 1', 1, 0, NULL),
(142, '2019-02-24 15:00:00', 'Junior 2', 1, 0, NULL),
(143, '2019-02-24 18:00:00', 'Лига новичков 2', 1, 0, NULL),
(144, '2019-03-05 19:30:00', '2', 2, 0, NULL),
(145, '2019-03-19 19:30:00', '3', 2, 0, NULL),
(146, '2019-03-10 15:00:00', 'Junior 3', 1, 0, NULL),
(147, '2019-03-10 18:00:00', 'Лига новичков 3', 1, 0, NULL),
(148, '2019-03-24 13:00:00', 'Junior 4', 1, 0, 2),
(149, '2019-03-24 15:30:00', 'Лига новичков 4.1', 1, 0, 3),
(150, '2019-03-03 13:00:00', '2.1', 1, 0, NULL),
(151, '2019-03-03 16:15:00', '2.2', 1, 0, NULL),
(152, '2019-03-03 19:30:00', '2.3', 1, 0, NULL),
(153, '2019-03-17 13:00:00', '3.1', 1, 0, 4),
(154, '2019-03-17 16:15:00', '3.2', 1, 0, 4),
(155, '2019-03-17 19:30:00', '3.3', 1, 0, 4),
(156, '2019-03-09 18:30:00', '1', 4, 0, NULL),
(157, '2019-03-23 18:30:00', '2', 4, 0, 4),
(158, '2019-03-31 13:00:00', '4.1', 1, 0, 4),
(159, '2019-03-31 16:15:00', '4.2', 1, 0, 4),
(160, '2019-03-31 19:30:00', '4.3', 1, 0, 4),
(161, '2019-03-24 18:30:00', 'Лига новичков 4.2', 1, 0, 3),
(162, '2019-04-02 19:30:00', '4', 2, 0, 2),
(163, '2019-04-07 13:00:00', 'Junior 5', 1, 0, 3),
(164, '2019-04-21 13:00:00', 'Junior 6', 1, 0, 3),
(165, '2019-04-07 18:30:00', 'Лига новичков 5.2', 1, 0, 2),
(166, '2019-04-21 15:30:00', 'Лига новичков 6.1', 1, 0, 2),
(167, '2019-04-21 18:30:00', 'Лига новичков 6.2', 1, 0, 2),
(168, '2019-04-07 15:30:00', 'Лига новичков 5.1', 1, 0, 2),
(169, '2019-04-14 13:00:00', '5.1', 1, 0, 4),
(170, '2019-04-14 16:15:00', '5.2', 1, 0, 4),
(171, '2019-04-14 19:30:00', '5.3', 1, 0, 4),
(176, '2019-04-16 19:30:00', '5', 2, 0, 2),
(177, '2019-04-06 18:30:00', '3', 4, 0, 2),
(178, '2019-04-28 13:00:00', '6.1', 1, 0, 4),
(179, '2019-04-28 19:30:00', '6.3', 1, 0, 4),
(180, '2019-04-28 16:15:00', '6.2', 1, 0, 4),
(181, '2019-04-29 19:30:00', '6', 2, 0, 4),
(182, '2019-04-27 18:30:00', '4', 4, 0, 3),
(183, '2019-05-05 15:30:00', 'Лига новичков 7.1', 1, 0, 1),
(184, '2019-05-05 18:30:00', 'Лига новичков 7.2', 1, 0, 1),
(185, '2019-05-05 13:00:00', 'Junior 7', 1, 0, 2),
(186, '2019-05-19 15:30:00', 'Лига новичков 8.1', 1, 0, 1),
(187, '2019-05-19 13:00:00', 'Junior 8', 1, 0, 2),
(188, '2019-05-19 18:30:00', 'Лига новичков 8.2', 1, 0, 1),
(189, '2019-05-28 19:30:00', '8', 2, 0, 3),
(190, '2019-05-14 19:30:00', '7', 2, 0, 3),
(191, '2019-05-12 13:00:00', 'Профи 7.1', 1, 0, 4),
(192, '2019-05-12 16:15:00', 'Профи 7.2', 1, 0, 4),
(193, '2019-05-12 19:30:00', 'Профи 7.3', 1, 0, 4),
(194, '2019-05-26 13:00:00', 'Профи 8.1', 1, 0, 4),
(195, '2019-05-26 16:15:00', 'Профи 8.2', 1, 0, 4),
(196, '2019-05-26 19:30:00', 'Профи 8.3', 1, 0, 4),
(197, '2019-05-18 18:30:00', '5', 4, 0, 2),
(200, '2019-06-08 18:30:00', 'Оскар-party 2.0/Кино и музыка', 1, 0, 4),
(201, '2019-06-09 13:00:00', 'Оскар-party 2.1/Кино и музыка', 1, 0, 4),
(202, '2019-06-09 16:15:00', 'Оскар-party 2.2/Кино и музыка', 1, 0, 4),
(203, '2019-06-09 19:30:00', 'Оскар-party 2.3/Кино и музыка', 1, 0, 4),
(204, '2019-06-02 18:30:00', '6', 4, 0, 2),
(205, '2019-06-11 19:30:00', 'Оскар-party 2/ Кино и музыка ', 2, 0, 4),
(206, '2019-06-15 20:00:00', 'Ночной дозор N9 ', 1, 0, 3),
(208, '2019-06-23 13:00:00', 'Junior 1', 1, 0, 1),
(209, '2019-06-23 15:30:00', 'Лига новичков 1.1', 1, 0, 2),
(210, '2019-06-23 18:30:00', 'Лига новичков 1.2', 1, 0, 2),
(211, '2019-06-30 13:00:00', 'Профи 1.1', 1, 0, 4),
(212, '2019-06-30 16:15:00', 'Профи 1.2', 1, 0, 4),
(213, '2019-06-30 19:30:00', 'Профи 1.3', 1, 0, 4),
(214, '2019-07-02 19:30:00', '1', 2, 0, 2),
(215, '2019-07-07 17:00:00', '1', 5, 0, 2),
(216, '2019-07-07 15:30:00', 'Лиuа Новичков 2.1', 1, 0, 1),
(217, '2019-07-07 18:30:00', 'Лига Новичков 2.2', 1, 0, 1),
(218, '2019-07-21 15:30:00', 'Лига Новичков 3.1', 1, 0, 1),
(219, '2019-07-21 18:30:00', 'Лига Новичков 3.2', 1, 0, 1),
(220, '2019-07-06 21:00:00', 'Дозор №10', 1, 0, 3),
(221, '2019-07-16 19:30:00', '2', 2, 0, 2),
(222, '2019-07-30 19:30:00', '3', 2, 0, 4),
(223, '2019-07-14 13:00:00', 'Профи 2.1', 1, 0, 4),
(224, '2019-07-14 16:15:00', 'Профи 2.2', 1, 0, 4),
(225, '2019-07-14 19:30:00', 'Профи 2.3', 1, 0, 4),
(227, '2019-07-28 13:00:00', 'Профи 3.1', 1, 0, 4),
(228, '2019-07-28 16:15:00', 'Профи 3.2', 1, 0, 4),
(229, '2019-07-28 19:30:00', 'Профи 3.3', 1, 0, 4),
(230, '2019-07-20 21:00:00', 'Дозор №11 \"Чернобыль\"', 1, 0, 3),
(231, '2019-07-21 17:00:00', '2', 5, 0, 2),
(232, '2019-07-21 13:00:00', 'Junior 1', 1, 0, 1),
(233, '2019-08-04 17:00:00', '3', 5, 0, 2),
(234, '2019-08-04 13:00:00', 'Junior 2', 1, 0, 1),
(235, '2019-08-18 13:00:00', 'Junior 3', 1, 0, 1),
(236, '2019-08-04 15:30:00', 'Лига новичков 4.1', 1, 0, 3),
(237, '2019-08-04 18:30:00', 'Лига новичков 4.2', 1, 0, 3),
(238, '2019-08-18 15:30:00', 'Лига новичков 5.1', 1, 0, 3),
(239, '2019-08-18 18:30:00', 'Лига новичков 5.2', 1, 0, 3),
(240, '2019-08-03 21:00:00', 'Дозор N12', 1, 0, 2),
(241, '2019-08-11 13:00:00', '4.1', 1, 0, 4),
(242, '2019-08-11 16:15:00', '4.2', 1, 0, 4),
(243, '2019-08-11 19:30:00', '4.3', 1, 0, 4),
(244, '2019-08-25 13:00:00', '5.1', 1, 0, 4),
(245, '2019-08-25 16:15:00', '5.2', 1, 0, 4),
(246, '2019-08-25 19:30:00', '5.3', 1, 0, 4),
(247, '2019-08-13 19:30:00', '4', 2, 0, 2),
(248, '2019-08-27 19:30:00', '5', 2, 0, 2),
(249, '2019-08-25 17:00:00', '4', 5, 0, 2),
(250, '2019-08-17 21:00:00', 'Дозор №12,99', 1, 0, 2),
(251, '2019-09-15 15:30:00', 'Лига новичков 6.1', 1, 0, 1),
(252, '2019-09-15 18:30:00', 'Лига новичков 6.2', 1, 0, 1),
(253, '2019-09-29 15:30:00', 'Лига новичков 7.1', 1, 0, 1),
(254, '2019-09-29 18:30:00', 'Лига новичков 7.2', 1, 0, 1),
(255, '2019-09-15 13:00:00', 'Junior 4', 1, 0, 3),
(256, '2019-09-29 13:00:00', 'Junior 5', 1, 0, 3),
(257, '2019-09-15 17:00:00', '5', 5, 0, 2),
(258, '2019-09-22 13:00:00', 'PROFI 6.1', 1, 0, 4),
(259, '2019-09-22 16:15:00', 'PROFI 6.2', 1, 0, 4),
(260, '2019-09-22 19:30:00', 'PROFI 6.3', 1, 0, 4),
(261, '2019-09-14 20:30:00', 'Дозор №14', 1, 0, 2),
(262, '2019-09-24 19:30:00', '6', 2, 0, 2),
(263, '2019-09-28 16:30:00', 'Saint Twins Detective №2', 1, 0, 2),
(264, '2019-10-06 17:00:00', '6', 5, 0, 2),
(265, '2019-10-06 13:00:00', 'Профи 7.1', 1, 0, 4),
(266, '2019-10-06 16:15:00', 'Профи 7.2', 1, 0, 4),
(267, '2019-10-06 19:30:00', 'Профи 7.3', 1, 0, 4),
(268, '2019-10-20 13:00:00', 'Профи 8.1', 1, 0, 4),
(269, '2019-10-20 16:15:00', 'Профи 8.2', 1, 0, 4),
(270, '2019-10-20 19:30:00', 'Профи 8.3', 1, 0, 4),
(271, '2019-10-08 19:30:00', '7', 2, 0, 2),
(272, '2019-10-22 19:30:00', '8', 2, 0, 2),
(273, '2019-10-12 16:30:00', 'Saint Twins Detective №3.2', 1, 0, 2),
(274, '2019-10-13 18:30:00', 'Лига Новичков 8.2 Финал', 1, 0, 3),
(275, '2019-10-13 15:30:00', 'Лига Новичков 8.1 Финал', 1, 0, 3),
(276, '2019-10-27 13:00:00', 'Junior 7', 1, 0, 1),
(277, '2019-10-13 13:00:00', 'Junior 6', 1, 0, 1),
(278, '2019-10-27 17:00:00', '7', 5, 0, 2),
(279, '2019-10-12 13:00:00', 'Saint Twins Detective №3.1', 1, 0, 2),
(281, '2019-11-02 18:00:00', 'Тематический квиз: Кино и музыка \"Halloween Party\"', 1, 0, 2),
(282, '2019-11-03 15:00:00', 'Тематический квиз: Кино и музыка Halloween/1', 1, 0, 2),
(283, '2019-11-03 18:30:00', 'Тематический квиз: Кино и музыка Halloween/2', 1, 0, 2),
(284, '2019-10-27 15:30:00', 'Saint Twins Detective №4.1', 1, 0, 3),
(285, '2019-10-27 19:00:00', 'Saint Twins Detective №4.2', 1, 0, 3),
(287, '2019-11-05 19:30:00', 'Тематическая игра \"Кино и музыка\" ', 2, 0, 2),
(288, '2019-11-10 13:00:00', 'Junior 8 Финал', 1, 0, 1),
(289, '2019-11-10 17:00:00', '8', 5, 0, 2),
(290, '2019-11-09 13:00:00', 'Saint Twins Detective №5.1', 1, 0, 3),
(291, '2019-11-09 16:45:00', 'Saint Twins Detective №5.2', 1, 0, 3),
(292, '2019-11-23 13:00:00', 'Saint Twins Detective №6.1', 1, 0, 3),
(293, '2019-11-23 16:45:00', 'Saint Twins Detective №6.2', 1, 0, 3),
(294, '2019-11-10 15:30:00', 'Лига новичков 1.1', 1, 0, 2),
(295, '2019-11-10 18:30:00', 'Лига новичков 1.2', 1, 0, 2),
(296, '2019-11-24 15:30:00', 'Лига новичков 2.1', 1, 0, 2),
(297, '2019-11-24 18:30:00', 'Лига новичков 2.2', 1, 0, 2),
(298, '2019-11-17 13:00:00', 'Профи 1.1', 1, 0, 4),
(299, '2019-11-17 16:15:00', 'Профи 1.2', 1, 0, 4),
(300, '2019-11-17 19:30:00', 'Профи 1.3', 1, 0, 4),
(301, '2019-11-19 19:30:00', 'Профи 1', 2, 0, 2),
(302, '2019-11-24 17:30:00', '9', 5, 0, 2),
(303, '2019-11-24 13:00:00', 'Junior 1', 1, 0, 1),
(304, '2019-12-03 19:30:00', '2', 2, 0, 2),
(305, '2019-12-17 19:30:00', '3', 2, 0, 2),
(306, '2019-12-01 13:00:00', 'Профи 2.1', 1, 0, 4),
(307, '2019-12-01 16:15:00', 'Профи 2.2', 1, 0, 4),
(308, '2019-12-01 19:30:00', 'Профи 2.3', 1, 0, 4),
(309, '2019-12-15 13:00:00', 'Профи 3.1', 1, 0, 4),
(310, '2019-12-15 16:15:00', 'Профи 3.2', 1, 0, 4),
(311, '2019-12-15 19:30:00', 'Профи 3.3', 1, 0, 4),
(312, '2019-12-07 13:00:00', 'Saint Twins Detective №7.1', 1, 0, 3),
(313, '2019-12-07 16:45:00', 'Saint Twins Detective №7.2', 1, 0, 3),
(314, '2019-12-21 13:00:00', 'Saint Twins Detective №8.1', 1, 0, 3),
(315, '2019-12-21 16:45:00', 'Saint Twins Detective №8.2', 1, 0, 3),
(316, '2019-12-08 17:00:00', '10', 5, 0, 2),
(317, '2019-12-08 13:00:00', 'Junior 2', 1, 0, 2),
(318, '2019-12-22 13:00:00', 'Junior 3', 1, 0, 2),
(319, '2019-12-08 15:30:00', 'Лига новичков 3.1', 1, 0, 1),
(320, '2019-12-08 18:30:00', 'Лига новичков 3.2', 1, 0, 1),
(321, '2019-12-22 15:30:00', 'Лига новичков 4.1', 1, 0, 1),
(322, '2019-12-22 18:30:00', 'Лига новичков 4.2', 1, 0, 1),
(323, '2020-01-04 18:00:00', 'Новогодний квиз+party', 1, 1, 4),
(324, '2020-01-05 15:00:00', 'Новогодний квиз 1.2', 1, 1, 4),
(325, '2020-01-05 18:30:00', 'Новогодний квиз 1.3', 1, 1, 4),
(326, '2020-01-12 13:00:00', 'Профи 4.1', 1, 0, 4),
(327, '2020-01-12 16:15:00', 'Профи 4.2', 1, 0, 4),
(328, '2020-01-12 19:30:00', 'Профи 4.3', 1, 0, 4),
(329, '2020-01-14 19:30:00', 'Профи 4', 2, 0, 2),
(330, '2020-01-19 13:00:00', 'Junior 4', 1, 0, 1),
(331, '2020-01-19 15:30:00', 'Лига новичков 5.1', 1, 0, 2),
(332, '2020-01-19 18:30:00', 'Лига новичков 5.2', 1, 0, 2),
(333, '2020-01-18 13:00:00', 'Saint Twins Detective №9.1', 1, 0, 3),
(334, '2020-01-18 16:45:00', 'Saint Twins Detective №9.2', 1, 0, 3),
(335, '2020-01-07 15:30:00', 'Новогодняя игра. Внезачетная', 2, 0, 2),
(336, '2020-01-06 17:00:00', 'Новогодний квиз 1.4', 1, 0, 4),
(337, '2020-01-19 17:00:00', '11', 5, 0, 2),
(338, '2020-02-11 19:30:00', 'Профи 5', 2, 0, 2),
(339, '2020-02-25 19:30:00', 'Профи 6', 2, 0, 2),
(340, '2020-02-09 13:00:00', 'Профи 5.1', 1, 0, 4),
(341, '2020-02-09 16:15:00', 'Профи 5.2', 1, 0, 4),
(342, '2020-02-09 19:30:00', 'Профи 5.3', 1, 0, 4),
(343, '2020-02-23 13:00:00', 'Профи 6.1', 1, 0, 4),
(344, '2020-02-23 16:15:00', 'Профи 6.2', 1, 0, 4),
(345, '2020-02-23 19:30:00', 'Профи 6.3', 1, 0, 4),
(346, '2020-02-02 17:00:00', '12', 5, 0, 2),
(347, '2020-02-16 17:00:00', '13', 5, 0, 2),
(348, '2020-02-16 13:00:00', 'Junior 6', 1, 0, 2),
(349, '2020-03-01 13:00:00', 'Junior 7', 1, 0, 2),
(350, '2020-02-16 15:30:00', 'Лига новичков 6.1', 1, 0, 1),
(351, '2020-02-16 18:30:00', 'Лига новичков 6.2', 1, 0, 1),
(352, '2020-03-01 15:30:00', 'Лига новичков 7.1', 1, 0, 1),
(353, '2020-03-01 18:30:00', 'Лига новичков 7.2', 1, 0, 1),
(354, '2020-02-15 13:00:00', 'Saint Twins Detective №10.1', 1, 0, 3),
(355, '2020-02-15 16:45:00', 'Saint Twins Detective №10.2', 1, 0, 3),
(356, '2020-02-29 13:00:00', 'Saint Twins Detective №11.1', 1, 0, 3),
(357, '2020-02-29 16:45:00', 'Saint Twins Detective №11.2', 1, 0, 3),
(358, '2020-03-10 19:30:00', 'Профи 7', 2, 0, 2),
(360, '2020-03-09 13:00:00', 'Профи 7.1', 1, 0, 4),
(361, '2020-03-09 16:15:00', 'Профи 7.2', 1, 0, 4),
(362, '2020-03-09 19:30:00', 'Профи 7.3', 1, 0, 4),
(363, '2020-03-22 13:00:00', 'Профи Финал 8.1', 1, 0, 4),
(364, '2020-03-22 16:15:00', 'Профи Финал 8.2', 1, 0, 4),
(365, '2020-03-22 19:30:00', 'Профи Финал 19:30', 1, 0, 4),
(366, '2020-03-14 13:00:00', 'Saint Twins Detective №12.1', 1, 0, 3),
(367, '2020-03-14 16:45:00', 'Saint Twins Detective №12.2', 1, 0, 3),
(368, '2020-03-15 13:00:00', 'Junior 7', 1, 0, 2),
(369, '2020-03-15 15:30:00', 'Лига Новичков 8.1 Финал', 1, 0, 1),
(370, '2020-03-15 18:30:00', 'Лига Новичков 8.2 Финал', 1, 0, 1),
(371, '2020-03-22 17:00:00', '14', 5, 0, 2),
(386, '2020-04-04 16:00:00', 'Летс Квиз Онлайн №1', 1, 0, 2),
(387, '2020-04-04 16:00:00', 'Летс Квиз Онлайн №1', 2, 0, 2);

-- --------------------------------------------------------

--
-- Структура таблицы `notify`
--

CREATE TABLE `notify` (
  `id` int(11) NOT NULL,
  `type` varchar(100) DEFAULT NULL,
  `city_id` int(11) DEFAULT NULL,
  `email` varchar(100) NOT NULL
) ENGINE=InnoDB DEFAULT CHARSET=utf8;

--
-- Дамп данных таблицы `notify`
--

INSERT INTO `notify` (`id`, `type`, `city_id`, `email`) VALUES
(1, NULL, NULL, 'info@letsquiz.ru'),
(2, 'REGISTRATION', 4, 'kvartal.quiz@gmail.com'),
(3, 'REGISTRATION', 5, 'letsquiz@yandex.ru'),
(4, 'REGISTRATION', 6, 'Lexa.rzn62@bk.ru');

-- --------------------------------------------------------

--
-- Структура таблицы `photo`
--

CREATE TABLE `photo` (
  `id` int(11) NOT NULL,
  `url` varchar(100) NOT NULL,
  `order` int(11) DEFAULT NULL
) ENGINE=InnoDB DEFAULT CHARSET=utf8;

--
-- Дамп данных таблицы `photo`
--

INSERT INTO `photo` (`id`, `url`, `order`) VALUES
(4, 'photo/2B0FwAzlv-8.jpg', 9),
(6, 'photo/39r_Ui0Cw04.jpg', 11),
(9, 'photo/5vehvvqkQKs.jpg', 14),
(10, 'photo/5Za03yvwwH0.jpg', 15),
(14, 'photo/8kiJjNyya2I.jpg', 19),
(24, 'photo/fd6tecX6AyY.jpg', 29),
(25, 'photo/gqkZgywKsgo.jpg', 30),
(26, 'photo/HDNMaNwBeHg.jpg', 31),
(27, 'photo/HlA0cdYi-X0.jpg', 32),
(28, 'photo/hom9A4DnVlQ.jpg', 33),
(30, 'photo/myFXND2Ho0k.jpg', 35),
(32, 'photo/tiU_ZtS10L0.jpg', 37),
(36, 'photo/WXBl0avMLwU.jpg', 41),
(39, 'photo/Jzscf5qA8Nw.jpg', 10),
(41, 'photo/bV8VRG1thlU.jpg', 4),
(42, 'photo/rXJLW7qhDMM.jpg', 5),
(43, 'photo/SBxgxLohBOsI.jpg', 5),
(44, 'photo/ujPmnZxeeY2u.jpg', 5),
(45, 'photo/CSinSGsVoDxf.jpg', 3),
(46, 'photo/Bz5eHiOrUXBe.jpg', 4),
(47, 'photo/CTctTbwYnfxV.jpg', 5),
(48, 'photo/OhAhhW4bVdDx.jpg', 1),
(49, 'photo/G8MlPYL2ai2C.jpg', 7),
(50, 'photo/pvP4LtdX3wVK.jpg', 3),
(51, 'photo/1TrxQm5349NI.jpg', 4),
(52, 'photo/VL2oNBxFiEHG.jpg', 2),
(53, 'photo/z9DDMr0ZIAKO.jpg', 3),
(54, 'photo/4D1jLsRELj1m.jpg', 3),
(55, 'photo/7jFVHh2LTNGt.jpg', 6),
(56, 'photo/7X5Ki9aWBLd7.jpg', 7),
(57, 'photo/6rBR7flk0dF4.jpg', 3),
(58, 'photo/D81ERb01jCeT.jpg', 5);

-- --------------------------------------------------------

--
-- Структура таблицы `question`
--

CREATE TABLE `question` (
  `id` int(11) NOT NULL,
  `order` int(11) NOT NULL,
  `question` text NOT NULL,
  `answer` text NOT NULL
) ENGINE=InnoDB DEFAULT CHARSET=utf8;

--
-- Дамп данных таблицы `question`
--

INSERT INTO `question` (`id`, `order`, `question`, `answer`) VALUES
(1, 1, 'В этой европейской стране популярны футболки с перечеркнутым изображением кенгуру и надписью, что тут кенгуру не живут. Что это за страна?', 'Австрия (не путать с Австралией)'),
(2, 2, 'Угадайте знаменитость: <br />Родился в 1978 г <br />Начал свою карьеру в сериале \"Улицы разбитых фонарей\" <br />Играет на гитаре, фортепиано, аккордеоне, блок-флейте и ударных <br />Является соавтором книги Владимира Познера \"Одноэтажная Америка\" <br />Ведущий кулинарного шоу <br />Очень любит Елки', 'Иван Ургант'),
(3, 3, 'В честь юбилея одной замечательной игры, издатель Hasbro сообщил что упакует в коробки с игрой настоящие деньги. В 79 коробках игровые деньги будут частично заменены на реальные купюры, а в одной коробке будут заменены все банкноты и обладатель получит сумму = 20,5 тысяч евро. Как называется эта игра? И сколько лет ей исполняется?', 'Монополия, 80 лет'),
(4, 4, 'Народное название этой травы \"Мяун\". Напишите научное название', 'Валериана'),
(5, 5, 'Притча о шести великих евреях, которые изменили мир: <br />Моисей сказал, что все от НЕБЕС <br />Соломон сказал, что все от ГОЛОВЫ <br />Иисус сказал, что все от СЕРДЦА <br />Маркс сказал, что все от ЖИВОТА <br />Фрейд сказал, что все от КХЕКХЕ ЧУТЬ НИЖЕ ЖИВОТА)) <br />Эйнштейн сказа, что все ОT... <br />Что сказал Эйнштейн?', 'все ОТНОСИТЕЛЬНО'),
(6, 6, 'В одном американском городе местные библиотекари устроили выставку. Среди разнообразных бумажек и полосок картона, посетители могли увидеть и такие экспонаты как: кредитные карты, фантики от конфет, ломтики засохшей колбасы, расчески, лезвия для бритвы', 'Выставка книжных закладок'),
(7, 7, '\"Король Тьмы\" и популярный музыкант Мерилин Мэнсон выпускает абсент под названием \"Absinthe Mansinthe\". Чему равна крепость напитка Мэнсона?', 'Крепость равна 66,6%');

-- --------------------------------------------------------

--
-- Структура таблицы `setting`
--

CREATE TABLE `setting` (
  `id` int(11) NOT NULL,
  `name` varchar(100) NOT NULL,
  `prefix` varchar(50) NOT NULL,
  `type` varchar(10) NOT NULL,
  `value` varchar(100) NOT NULL
) ENGINE=InnoDB DEFAULT CHARSET=utf8;

--
-- Дамп данных таблицы `setting`
--

INSERT INTO `setting` (`id`, `name`, `prefix`, `type`, `value`) VALUES
(1, 'Номер контактного телефона', 'PHONE', 'string', '8-916-451-44-81'),
(2, 'Контактный Email', 'EMAIL', 'string', 'info@letsquiz.ru'),
(3, 'Количество игр для отображения', 'GAME_TAKE', 'int', '21'),
(4, 'Скрыть раздел \"Отзывы\"', 'HIDE_FEEDBACK', 'bool', 'false'),
(5, 'Скрыть раздел \"Галерея\"', 'HIDE_GALLERY', 'bool', 'false'),
(6, 'Скрыть раздел \"Друзья\"', 'HIDE_FRIENDS', 'bool', 'false'),
(7, 'Скрыть раздел \"Корпоративы\"', 'HIDE_CORP', 'bool', 'true'),
(8, 'Скрыть раздел \"Главная\"', 'HIDE_MAIN', 'bool', 'false'),
(9, 'Скрыть раздел \"Правила\"', 'HIDE_TERMS', 'bool', 'false'),
(10, 'Закрывать регистрацию за N часов до начала игры', 'GAME_CLOSE', 'int', '4'),
(11, 'Скрыть раздел \"Расписание\"', 'HIDE_SCHEDULE', 'bool', 'false');

-- --------------------------------------------------------

--
-- Структура таблицы `user`
--

CREATE TABLE `user` (
  `id` int(11) NOT NULL,
  `name` varchar(50) NOT NULL,
  `pass` varchar(100) NOT NULL,
  `is_locked` tinyint(1) NOT NULL DEFAULT '0'
) ENGINE=InnoDB DEFAULT CHARSET=utf8;

--
-- Дамп данных таблицы `user`
--

INSERT INTO `user` (`id`, `name`, `pass`, `is_locked`) VALUES
(1, 'admin', '*027011E607535B7EC88190C1299032C3AF63CF53', 0);

--
-- Индексы сохранённых таблиц
--

--
-- Индексы таблицы `address`
--
ALTER TABLE `address`
  ADD PRIMARY KEY (`id`);

--
-- Индексы таблицы `city`
--
ALTER TABLE `city`
  ADD PRIMARY KEY (`id`);

--
-- Индексы таблицы `color`
--
ALTER TABLE `color`
  ADD PRIMARY KEY (`id`);

--
-- Индексы таблицы `feedback`
--
ALTER TABLE `feedback`
  ADD PRIMARY KEY (`id`);

--
-- Индексы таблицы `game`
--
ALTER TABLE `game`
  ADD PRIMARY KEY (`id`);

--
-- Индексы таблицы `notify`
--
ALTER TABLE `notify`
  ADD PRIMARY KEY (`id`);

--
-- Индексы таблицы `photo`
--
ALTER TABLE `photo`
  ADD PRIMARY KEY (`id`);

--
-- Индексы таблицы `question`
--
ALTER TABLE `question`
  ADD PRIMARY KEY (`id`);

--
-- Индексы таблицы `setting`
--
ALTER TABLE `setting`
  ADD PRIMARY KEY (`id`);

--
-- Индексы таблицы `user`
--
ALTER TABLE `user`
  ADD PRIMARY KEY (`id`);

--
-- AUTO_INCREMENT для сохранённых таблиц
--

--
-- AUTO_INCREMENT для таблицы `address`
--
ALTER TABLE `address`
  MODIFY `id` int(11) NOT NULL AUTO_INCREMENT, AUTO_INCREMENT=7;

--
-- AUTO_INCREMENT для таблицы `city`
--
ALTER TABLE `city`
  MODIFY `id` int(11) NOT NULL AUTO_INCREMENT, AUTO_INCREMENT=8;

--
-- AUTO_INCREMENT для таблицы `color`
--
ALTER TABLE `color`
  MODIFY `id` int(11) NOT NULL AUTO_INCREMENT, AUTO_INCREMENT=5;

--
-- AUTO_INCREMENT для таблицы `feedback`
--
ALTER TABLE `feedback`
  MODIFY `id` int(11) NOT NULL AUTO_INCREMENT, AUTO_INCREMENT=14;

--
-- AUTO_INCREMENT для таблицы `game`
--
ALTER TABLE `game`
  MODIFY `id` int(11) NOT NULL AUTO_INCREMENT, AUTO_INCREMENT=388;

--
-- AUTO_INCREMENT для таблицы `notify`
--
ALTER TABLE `notify`
  MODIFY `id` int(11) NOT NULL AUTO_INCREMENT, AUTO_INCREMENT=5;

--
-- AUTO_INCREMENT для таблицы `photo`
--
ALTER TABLE `photo`
  MODIFY `id` int(11) NOT NULL AUTO_INCREMENT, AUTO_INCREMENT=59;

--
-- AUTO_INCREMENT для таблицы `question`
--
ALTER TABLE `question`
  MODIFY `id` int(11) NOT NULL AUTO_INCREMENT, AUTO_INCREMENT=8;

--
-- AUTO_INCREMENT для таблицы `setting`
--
ALTER TABLE `setting`
  MODIFY `id` int(11) NOT NULL AUTO_INCREMENT, AUTO_INCREMENT=12;

--
-- AUTO_INCREMENT для таблицы `user`
--
ALTER TABLE `user`
  MODIFY `id` int(11) NOT NULL AUTO_INCREMENT, AUTO_INCREMENT=2;
COMMIT;

/*!40101 SET CHARACTER_SET_CLIENT=@OLD_CHARACTER_SET_CLIENT */;
/*!40101 SET CHARACTER_SET_RESULTS=@OLD_CHARACTER_SET_RESULTS */;
/*!40101 SET COLLATION_CONNECTION=@OLD_COLLATION_CONNECTION */;
